timeslot,revisionno,discomcode,BTPS,PRAGATI,RPH,DADRI_T,GT_OC,CSGS,GT_RLNG,PRG_RLNG,DVC,GT_LF,GT_CC,PRG_G_CC,GT_RLG_C,GT_LF_CC,PG_RLG_C,REGULATE,MTPS6,JHAJJAR,NJPC,CCGT_OC,CCGT_CC,CCGT_RCC,CCGT_ROC,CLPJHAJR,MEJIA7,MAITHON,SECI,RITHL_CC,RITHL_OC,RITHL_RC,RITHL_RO,NHPC,DADRI_T2,ANTA_GF,AURY_GF,FARAKKA,RIHAND1,RIHAND2,RIHAND3,SASAN,SNGRAULI,UNCHHAR1,UNCHHAR2,UNCHHAR3,KAHLGAN1,KAHLGAN2,DADRI_GF,ANTA_RF,AURY_RF,DADRI_RF,KOLDAM,TH_HPP,KTWR_HEP,SEWA2,DMSWSL,NAPP,RAPPB,MUNDRA,RAMPUR,RAPPC,TALA,ANTA_LF,AURY_LF,DADRI_LF,URI,URI2,CHAMERA1,CHAMERA2,CHAMERA3,DHAULIGNGA,DULHASTI,PARBATI3,SALAL,TANAKPUR,BSIUL,UNCHAHAR4,PRG_CCLF,PRG_OCLF,CCGTCCSPOT,CCGTOCSPOT,SNG_HYDRO,SHEP,GIREL,RUMS_DMRC,SEIPL,THPPL,NHPPL,ANTA_CRF,AURY_CRF,DADR_CRF,ALFANR_I,ALFANR_II,ALFANR_III,ERCPL_FTG,ERPCL_FTG2,AP41PL_BHDL,ASE4PL,KUDGI,SRIJAN_M,SITAC_BRPL,SITAC_BYPL,TANDA2,KSHNGNGA,SOLAPUR,MEJA,TWEPL,GBHHPL,THAR_BYPL,THAR_BRPL,ASEJ2PL_BYPL,ASEJ2PL_TPDDL,CHANJUII,SECI_BRPL,SECI_BYPL,SECI_TPDDL
1,75EnNDPL2024/09/15,NDPL,0.0000,0.0000,0.0000,0.0000,0.0000,0.0000,0.0000,0.0000,77.9477,0.0000,23.7360,0.0000,0.0000,0.0000,63.6240,0.0000,27.6734,524.7258,46.9384,0.0000,69.6064,0.0000,0.0000,64.5600,0.0000,273.8400,0.0000,0.0000,0.0000,0.0000,0.0000,0.0000,9.3306,0.0000,0.0000,6.3814,14.1138,36.4400,0.0000,34.5150,39.5777,6.3090,5.8389,0.0000,13.7815,30.3333,0.0000,13.1412,21.3572,27.6374,0.0000,20.7169,10.8888,3.2320,0.0000,12.6816,0.0000,0.0000,0.0000,15.8437,3.1324,0.0000,0.0000,0.0000,13.7170,10.1526,12.9316,12.1251,5.9387,11.2118,14.9590,4.8817,0.0000,2.3562,2.0003,0.0000,0.0000,0.0000,134.8624,0.0000,0.0000,200.0000,0.0000,0.0000,200.0000,4.6600,100.0000,0.0000,0.0000,0.0000,0.0000,0.0000,21.6700,0.0000,0.0000,0.0000,0.0000,0.0000,0.0000,0.0000,0.0000,0.0000,0.0000,0.0000,0.0000,8.2567,0.0000,0.0000,0.0000,0.0000,200.0000,18.7000,0.0000,0.0000,100.0000
2,75EnNDPL2024/09/15,NDPL,0.0000,0.0000,0.0000,0.0000,0.0000,0.0000,0.0000,0.0000,77.9477,0.0000,23.7360,0.0000,0.0000,0.0000,63.6240,0.0000,27.6734,524.7258,46.9384,0.0000,69.6064,0.0000,0.0000,64.5600,0.0000,273.8400,0.0000,0.0000,0.0000,0.0000,0.0000,0.0000,9.3306,0.0000,0.0000,6.3814,14.1138,36.4400,0.0000,34.5150,39.5777,6.3090,5.8389,0.0000,13.7815,30.3333,0.0000,13.1412,21.3572,27.6374,0.0000,20.7169,10.8888,3.2320,0.0000,12.6816,0.0000,0.0000,0.0000,15.8437,3.1324,0.0000,0.0000,0.0000,13.7170,10.1526,12.9316,12.1251,5.9387,11.2118,14.9590,4.8817,0.0000,2.3562,2.0003,0.0000,0.0000,0.0000,134.8624,0.0000,0.0000,200.0000,0.0000,0.0000,200.0000,4.6600,100.0000,0.0000,0.0000,0.0000,0.0000,0.0000,21.6700,0.0000,0.0000,0.0000,0.0000,0.0000,0.0000,0.0000,0.0000,0.0000,0.0000,0.0000,0.0000,8.2567,0.0000,0.0000,0.0000,0.0000,200.0000,18.7000,0.0000,0.0000,100.0000
3,75EnNDPL2024/09/15,NDPL,0.0000,0.0000,0.0000,0.0000,0.0000,0.0000,0.0000,0.0000,77.9477,0.0000,23.7360,0.0000,0.0000,0.0000,63.6240,0.0000,27.6734,524.7258,46.9384,0.0000,69.6064,0.0000,0.0000,64.5600,0.0000,273.8400,0.0000,0.0000,0.0000,0.0000,0.0000,0.0000,9.3306,0.0000,0.0000,6.3814,14.1138,36.4400,0.0000,34.5150,39.5777,6.3090,5.8389,0.0000,13.7815,30.3333,0.0000,13.1412,21.3572,27.6374,0.0000,20.7169,10.8888,3.2320,0.0000,12.6816,0.0000,0.0000,0.0000,15.8437,3.1754,0.0000,0.0000,0.0000,13.7170,10.1526,8.6211,12.1251,5.9387,11.2676,14.9590,4.2979,0.0000,2.3562,2.0003,0.0000,0.0000,0.0000,134.8624,0.0000,0.0000,200.0000,0.0000,0.0000,200.0000,4.6600,100.0000,0.0000,0.0000,0.0000,0.0000,0.0000,21.6700,0.0000,0.0000,0.0000,0.0000,0.0000,0.0000,0.0000,0.0000,0.0000,0.0000,0.0000,0.0000,8.2567,0.0000,0.0000,0.0000,0.0000,200.0000,18.7000,0.0000,0.0000,100.0000
4,75EnNDPL2024/09/15,NDPL,0.0000,0.0000,0.0000,0.0000,0.0000,0.0000,0.0000,0.0000,77.9477,0.0000,23.7360,0.0000,0.0000,0.0000,63.6240,0.0000,27.6734,524.7258,46.9384,0.0000,69.6064,0.0000,0.0000,64.5600,0.0000,273.8400,0.0000,0.0000,0.0000,0.0000,0.0000,0.0000,9.3306,0.0000,0.0000,6.3814,14.1138,36.4400,0.0000,34.5150,39.5777,6.3090,5.8389,0.0000,13.7815,30.3333,0.0000,13.1412,21.3572,27.6374,0.0000,20.7169,10.8888,3.2320,0.0000,12.6816,0.0000,0.0000,0.0000,15.8437,3.1754,0.0000,0.0000,0.0000,15.4106,10.1526,8.6211,12.1251,5.9387,11.2676,14.9590,4.2979,0.0000,2.3562,2.0003,0.0000,0.0000,0.0000,134.8624,0.0000,0.0000,200.0000,0.0000,0.0000,200.0000,4.6600,100.0000,0.0000,0.0000,0.0000,0.0000,0.0000,21.6700,0.0000,0.0000,0.0000,0.0000,0.0000,0.0000,0.0000,0.0000,0.0000,0.0000,0.0000,0.0000,8.2567,0.0000,0.0000,0.0000,0.0000,200.0000,18.7000,0.0000,0.0000,100.0000
5,75EnNDPL2024/09/15,NDPL,0.0000,0.0000,0.0000,0.0000,0.0000,0.0000,0.0000,0.0000,77.9477,0.0000,23.7360,0.0000,0.0000,0.0000,63.6240,0.0000,27.6734,524.7258,46.9384,0.0000,69.6064,0.0000,0.0000,64.5600,0.0000,232.4400,0.0000,0.0000,0.0000,0.0000,0.0000,0.0000,9.3306,0.0000,0.0000,6.3814,14.1138,36.4400,0.0000,34.5150,39.5777,6.3090,5.8389,0.0000,13.7815,30.3333,0.0000,13.1412,21.3572,27.6374,0.0000,20.7169,10.8888,3.2320,0.0000,12.6816,0.0000,0.0000,0.0000,15.8437,3.1754,0.0000,0.0000,0.0000,15.4106,10.1526,8.6211,12.1251,5.9387,11.2676,14.9590,4.8817,0.0000,3.9884,2.0003,0.0000,0.0000,0.0000,134.8624,0.0000,0.0000,200.0000,0.0000,0.0000,200.0000,4.6600,100.0000,0.0000,0.0000,0.0000,0.0000,0.0000,21.6700,0.0000,0.0000,0.0000,0.0000,0.0000,0.0000,0.0000,0.0000,0.0000,0.0000,0.0000,0.0000,8.2567,0.0000,0.0000,0.0000,0.0000,200.0000,18.7000,0.0000,0.0000,100.0000
6,75EnNDPL2024/09/15,NDPL,0.0000,0.0000,0.0000,0.0000,0.0000,0.0000,0.0000,0.0000,77.9477,0.0000,23.7360,0.0000,0.0000,0.0000,63.6240,0.0000,27.6734,524.7258,46.9384,0.0000,69.6064,0.0000,0.0000,64.5600,0.0000,232.4400,0.0000,0.0000,0.0000,0.0000,0.0000,0.0000,9.3306,0.0000,0.0000,6.3814,14.1138,36.4400,0.0000,34.5150,39.5777,6.3090,5.8389,0.0000,13.7815,30.3333,0.0000,13.1412,21.3572,27.6374,0.0000,20.7169,10.8888,3.2320,0.0000,12.6816,0.0000,0.0000,0.0000,15.8437,3.1754,0.0000,0.0000,0.0000,15.4106,10.1526,8.6211,12.1251,5.9387,11.2676,14.9590,4.8817,0.0000,3.9884,2.0003,0.0000,0.0000,0.0000,134.8624,0.0000,0.0000,200.0000,0.0000,0.0000,200.0000,4.6600,100.0000,0.0000,0.0000,0.0000,0.0000,0.0000,21.6700,0.0000,0.0000,0.0000,0.0000,0.0000,0.0000,0.0000,0.0000,0.0000,0.0000,0.0000,0.0000,8.2567,0.0000,0.0000,0.0000,0.0000,200.0000,18.7000,0.0000,0.0000,100.0000
7,75EnNDPL2024/09/15,NDPL,0.0000,0.0000,0.0000,0.0000,0.0000,0.0000,0.0000,0.0000,77.9477,0.0000,23.7360,0.0000,0.0000,0.0000,63.6240,0.0000,27.6734,524.7258,43.5957,0.0000,69.6064,0.0000,0.0000,64.5600,0.0000,232.4400,0.0000,0.0000,0.0000,0.0000,0.0000,0.0000,9.3306,0.0000,0.0000,6.3814,14.1138,36.4400,0.0000,34.5150,39.5777,6.3090,5.8389,0.0000,13.7815,30.3333,0.0000,13.1412,21.3572,27.6374,0.0000,20.7169,10.8888,3.2320,0.0000,12.6816,0.0000,0.0000,0.0000,15.8437,3.1754,0.0000,0.0000,0.0000,13.7170,10.1526,8.6211,12.1251,5.9387,11.2676,14.9590,4.8817,0.0000,3.9884,2.0003,0.0000,0.0000,0.0000,134.8624,0.0000,0.0000,200.0000,0.0000,0.0000,200.0000,4.6600,100.0000,0.0000,0.0000,0.0000,0.0000,0.0000,21.6700,0.0000,0.0000,0.0000,0.0000,0.0000,0.0000,0.0000,0.0000,0.0000,0.0000,0.0000,0.0000,8.2567,0.0000,0.0000,0.0000,0.0000,200.0000,18.7000,0.0000,0.0000,100.0000
8,75EnNDPL2024/09/15,NDPL,0.0000,0.0000,0.0000,0.0000,0.0000,0.0000,0.0000,0.0000,77.9477,0.0000,23.7360,0.0000,0.0000,0.0000,63.6240,0.0000,27.6734,524.7258,43.5957,0.0000,69.6064,0.0000,0.0000,64.5600,0.0000,232.4400,0.0000,0.0000,0.0000,0.0000,0.0000,0.0000,9.3306,0.0000,0.0000,6.3814,14.1138,36.4400,0.0000,34.5150,39.5777,6.3090,5.8389,0.0000,13.7815,30.3333,0.0000,13.1412,21.3572,27.6374,0.0000,20.7169,10.8888,1.6048,0.0000,12.6816,0.0000,0.0000,0.0000,15.8437,3.1754,0.0000,0.0000,0.0000,13.7170,10.1526,8.6211,7.7708,5.9387,11.2676,14.9590,4.8817,0.0000,3.9884,2.0003,0.0000,0.0000,0.0000,134.8624,0.0000,0.0000,200.0000,0.0000,0.0000,200.0000,4.6600,100.0000,0.0000,0.0000,0.0000,0.0000,0.0000,21.6700,0.0000,0.0000,0.0000,0.0000,0.0000,0.0000,0.0000,0.0000,0.0000,0.0000,0.0000,0.0000,8.2567,0.0000,0.0000,0.0000,0.0000,200.0000,18.7000,0.0000,0.0000,100.0000
9,75EnNDPL2024/09/15,NDPL,0.0000,0.0000,0.0000,0.0000,0.0000,0.0000,0.0000,0.0000,77.9477,0.0000,23.7360,0.0000,0.0000,0.0000,63.6240,0.0000,27.6734,524.7258,43.5957,0.0000,69.6064,0.0000,0.0000,64.5600,0.0000,193.7000,0.0000,0.0000,0.0000,0.0000,0.0000,0.0000,9.3306,0.0000,0.0000,6.3814,14.1138,36.4400,0.0000,34.5150,39.5777,6.3090,5.8389,0.0000,13.7815,30.3333,0.0000,13.1412,21.3572,27.6374,0.0000,20.7169,10.8888,1.6048,0.0000,12.6816,0.0000,0.0000,0.0000,15.8437,3.1754,0.0000,0.0000,0.0000,13.7170,10.1526,8.6211,7.3623,5.9387,11.2676,14.9590,4.8817,0.0000,3.9884,2.0003,0.0000,0.0000,0.0000,134.8624,0.0000,0.0000,200.0000,0.0000,0.0000,200.0000,4.6600,100.0000,0.0000,0.0000,0.0000,0.0000,0.0000,25.0000,0.0000,0.0000,0.0000,0.0000,0.0000,0.0000,0.0000,0.0000,0.0000,0.0000,0.0000,0.0000,8.2567,0.0000,0.0000,0.0000,0.0000,200.0000,18.5100,0.0000,0.0000,100.0000
10,75EnNDPL2024/09/15,NDPL,0.0000,0.0000,0.0000,0.0000,0.0000,0.0000,0.0000,0.0000,77.9477,0.0000,23.7360,0.0000,0.0000,0.0000,63.6240,0.0000,27.6734,524.7258,43.5957,0.0000,69.6064,0.0000,0.0000,64.5600,0.0000,150.6100,0.0000,0.0000,0.0000,0.0000,0.0000,0.0000,9.3306,0.0000,0.0000,6.3814,14.1138,36.4400,0.0000,34.5150,39.5777,6.3090,5.8389,0.0000,13.7815,30.3333,0.0000,13.1412,21.3572,27.6374,0.0000,20.7169,10.8888,0.0000,0.0000,12.6816,0.0000,0.0000,0.0000,15.8437,3.1754,0.0000,0.0000,0.0000,13.7170,10.1526,8.6211,7.3623,5.9387,11.2676,14.9590,4.8817,0.0000,3.9884,2.0003,0.0000,0.0000,0.0000,134.8624,0.0000,0.0000,200.0000,0.0000,0.0000,200.0000,4.6600,100.0000,0.0000,0.0000,0.0000,0.0000,0.0000,25.0000,0.0000,0.0000,0.0000,0.0000,0.0000,0.0000,0.0000,0.0000,0.0000,0.0000,0.0000,0.0000,8.2567,0.0000,0.0000,0.0000,0.0000,200.0000,18.5100,0.0000,0.0000,100.0000
11,75EnNDPL2024/09/15,NDPL,0.0000,0.0000,0.0000,0.0000,0.0000,0.0000,0.0000,0.0000,77.9477,0.0000,23.7360,0.0000,0.0000,0.0000,63.6240,0.0000,27.6734,524.7258,43.5957,0.0000,69.6064,0.0000,0.0000,64.5600,0.0000,150.6100,0.0000,0.0000,0.0000,0.0000,0.0000,0.0000,9.3306,0.0000,0.0000,6.3814,14.1138,36.4400,0.0000,34.5150,39.5777,6.3090,5.8389,0.0000,13.7815,30.3333,0.0000,13.1412,21.3572,27.6374,0.0000,20.7169,10.8888,0.0000,0.0000,12.6816,0.0000,0.0000,0.0000,15.8437,3.1754,0.0000,0.0000,0.0000,13.7170,10.1526,8.6211,7.3623,5.9387,11.2676,14.9590,4.8817,0.0000,3.6540,2.0003,0.0000,0.0000,0.0000,134.8624,0.0000,0.0000,200.0000,0.0000,0.0000,200.0000,4.6600,100.0000,0.0000,0.0000,0.0000,0.0000,0.0000,25.0000,0.0000,0.0000,0.0000,0.0000,0.0000,0.0000,0.0000,0.0000,0.0000,0.0000,0.0000,0.0000,8.2567,0.0000,0.0000,0.0000,0.0000,200.0000,18.5100,0.0000,0.0000,100.0000
12,75EnNDPL2024/09/15,NDPL,0.0000,0.0000,0.0000,0.0000,0.0000,0.0000,0.0000,0.0000,77.9477,0.0000,23.7360,0.0000,0.0000,0.0000,63.6240,0.0000,27.6734,524.7258,43.5957,0.0000,69.6064,0.0000,0.0000,64.5600,0.0000,150.6100,0.0000,0.0000,0.0000,0.0000,0.0000,0.0000,9.3306,0.0000,0.0000,6.3814,14.1138,36.4400,0.0000,34.5150,39.5777,6.3090,5.8389,0.0000,13.7815,30.3333,0.0000,13.1412,21.3572,27.6374,0.0000,20.7169,10.8888,0.0000,0.0000,12.6816,0.0000,0.0000,0.0000,15.8437,3.1754,0.0000,0.0000,0.0000,13.7170,10.1526,8.6211,7.3623,5.9387,11.2676,14.9590,4.8817,0.0000,3.6540,2.0003,0.0000,0.0000,0.0000,134.8624,0.0000,0.0000,200.0000,0.0000,0.0000,200.0000,4.6600,100.0000,0.0000,0.0000,0.0000,0.0000,0.0000,25.0000,0.0000,0.0000,0.0000,0.0000,0.0000,0.0000,0.0000,0.0000,0.0000,0.0000,0.0000,0.0000,8.2567,0.0000,0.0000,0.0000,0.0000,200.0000,18.5100,0.0000,0.0000,100.0000
13,75EnNDPL2024/09/15,NDPL,0.0000,0.0000,0.0000,0.0000,0.0000,0.0000,0.0000,0.0000,77.9477,0.0000,23.7360,0.0000,0.0000,0.0000,63.6240,0.0000,27.6734,524.7258,43.5957,0.0000,69.6064,0.0000,0.0000,64.5600,0.0000,150.6100,0.0000,0.0000,0.0000,0.0000,0.0000,0.0000,9.3306,0.0000,0.0000,6.3814,14.1138,36.4400,0.0000,34.5150,39.5777,6.3090,5.8389,0.0000,13.7815,30.3333,0.0000,13.1412,21.3572,27.6374,0.0000,20.7169,10.8888,0.0000,0.0000,12.6816,0.0000,0.0000,0.0000,15.8437,3.1754,0.0000,0.0000,0.0000,13.7170,9.4906,8.6211,7.3623,5.9387,11.2676,14.9590,4.8817,0.0000,3.6141,2.0003,0.0000,0.0000,0.0000,134.8624,0.0000,0.0000,200.0000,0.0000,0.0000,200.0000,4.6600,100.0000,0.0000,0.0000,0.0000,0.0000,0.0000,25.0000,0.0000,0.0000,0.0000,0.0000,0.0000,0.0000,0.0000,0.0000,0.0000,0.0000,0.0000,0.0000,8.2567,0.0000,0.0000,0.0000,0.0000,200.0000,18.3300,0.0000,0.0000,100.0000
14,75EnNDPL2024/09/15,NDPL,0.0000,0.0000,0.0000,0.0000,0.0000,0.0000,0.0000,0.0000,77.9477,0.0000,23.7360,0.0000,0.0000,0.0000,63.6240,0.0000,27.6734,524.7258,43.5957,0.0000,69.6064,0.0000,0.0000,64.5600,0.0000,150.6100,0.0000,0.0000,0.0000,0.0000,0.0000,0.0000,9.3306,0.0000,0.0000,6.3814,14.1138,36.4400,0.0000,34.5150,39.5777,6.3090,5.8389,0.0000,13.7815,30.3333,0.0000,13.1412,21.3572,27.6374,0.0000,20.7169,10.8888,0.0000,0.0000,12.6816,0.0000,0.0000,0.0000,15.8437,3.1754,0.0000,0.0000,0.0000,15.4106,9.4906,8.6211,7.3623,5.9387,11.2676,14.9590,4.8817,0.0000,3.6141,2.0003,0.0000,0.0000,0.0000,134.8624,0.0000,0.0000,200.0000,0.0000,0.0000,200.0000,4.6600,100.0000,0.0000,0.0000,0.0000,0.0000,0.0000,25.0000,0.0000,0.0000,0.0000,0.0000,0.0000,0.0000,0.0000,0.0000,0.0000,0.0000,0.0000,0.0000,8.2567,0.0000,0.0000,0.0000,0.0000,200.0000,18.3300,0.0000,0.0000,100.0000
15,75EnNDPL2024/09/15,NDPL,0.0000,0.0000,0.0000,0.0000,0.0000,0.0000,0.0000,0.0000,77.9477,0.0000,23.7360,0.0000,0.0000,0.0000,63.6240,0.0000,27.6734,524.7258,43.5957,0.0000,69.6064,0.0000,0.0000,64.5600,0.0000,150.6100,0.0000,0.0000,0.0000,0.0000,0.0000,0.0000,9.3306,0.0000,0.0000,6.3814,14.1138,36.4400,0.0000,34.5150,39.5777,6.3090,5.8389,0.0000,13.7815,30.3333,0.0000,13.1412,21.3572,27.6374,0.0000,20.7169,10.8888,0.0000,0.0000,12.6816,0.0000,0.0000,0.0000,15.8437,3.1754,0.0000,0.0000,0.0000,15.4106,9.4906,8.6211,7.3623,5.9387,11.2676,14.9590,4.8817,0.0000,3.6141,2.0003,0.0000,0.0000,0.0000,134.8624,0.0000,0.0000,200.0000,0.0000,0.0000,200.0000,4.6600,100.0000,0.0000,0.0000,0.0000,0.0000,0.0000,25.0000,0.0000,0.0000,0.0000,0.0000,0.0000,0.0000,0.0000,0.0000,0.0000,0.0000,0.0000,0.0000,8.2567,0.0000,0.0000,0.0000,0.0000,200.0000,18.3300,0.0000,0.0000,100.0000
16,75EnNDPL2024/09/15,NDPL,0.0000,0.0000,0.0000,0.0000,0.0000,0.0000,0.0000,0.0000,77.9477,0.0000,23.7360,0.0000,0.0000,0.0000,63.6240,0.0000,27.6734,524.7258,43.5957,0.0000,69.6064,0.0000,0.0000,64.5600,0.0000,150.6100,0.0000,0.0000,0.0000,0.0000,0.0000,0.0000,9.3306,0.0000,0.0000,6.3814,14.1138,36.4400,0.0000,34.5150,39.5777,6.3090,5.8389,0.0000,13.7815,30.3333,0.0000,13.1412,21.3572,27.6374,0.0000,20.7169,10.8888,0.0000,0.0000,12.6816,0.0000,0.0000,0.0000,15.8437,3.1754,0.0000,0.0000,0.0000,15.4106,9.4906,4.3105,7.3623,5.9387,11.2676,14.9590,4.8817,0.0000,3.6141,2.0003,0.0000,0.0000,0.0000,134.8624,0.0000,0.0000,200.0000,0.0000,0.0000,200.0000,4.6600,100.0000,0.0000,0.0000,0.0000,0.0000,0.0000,25.0000,0.0000,0.0000,0.0000,0.0000,0.0000,0.0000,0.0000,0.0000,0.0000,0.0000,0.0000,0.0000,8.2567,0.0000,0.0000,0.0000,0.0000,200.0000,18.3300,0.0000,0.0000,100.0000
17,75EnNDPL2024/09/15,NDPL,0.0000,0.0000,0.0000,0.0000,0.0000,0.0000,0.0000,0.0000,77.9477,0.0000,23.7360,0.0000,0.0000,0.0000,63.6240,0.0000,27.6734,524.7258,43.5957,0.0000,69.6064,0.0000,0.0000,64.5600,0.0000,150.6100,0.0000,0.0000,0.0000,0.0000,0.0000,0.0000,9.3306,0.0000,0.0000,6.3814,14.1138,36.4400,0.0000,34.5150,39.5777,6.3090,5.8389,0.0000,13.7815,30.3333,0.0000,13.1412,21.3572,27.6374,0.0000,20.7169,10.8888,0.0000,0.0000,12.6816,0.0000,0.0000,0.0000,15.8437,3.2644,0.0000,0.0000,0.0000,13.7170,9.4906,4.3105,7.3623,5.9387,11.2676,14.9590,4.8817,0.0000,3.9884,2.0003,0.0000,0.0000,0.0000,134.8624,0.0000,0.0000,200.0000,0.0000,0.0000,200.0000,4.6600,100.0000,0.0000,0.0000,0.0000,0.0000,0.0000,25.0000,0.0000,0.0000,0.0000,0.0000,0.0000,0.0000,0.0000,0.0000,0.0000,0.0000,0.0000,0.0000,8.2567,0.0000,0.0000,0.0000,0.0000,200.0000,18.0500,0.0000,0.0000,100.0000
18,75EnNDPL2024/09/15,NDPL,0.0000,0.0000,0.0000,0.0000,0.0000,0.0000,0.0000,0.0000,77.9477,0.0000,23.7360,0.0000,0.0000,0.0000,63.6240,0.0000,27.6734,524.7258,43.5957,0.0000,69.6064,0.0000,0.0000,64.5600,0.0000,150.6100,0.0000,0.0000,0.0000,0.0000,0.0000,0.0000,9.3306,0.0000,0.0000,6.3814,14.1138,36.4400,0.0000,34.5150,39.5777,6.3090,5.8389,0.0000,13.7815,30.3333,0.0000,13.1412,21.3572,27.6374,0.0000,20.7169,10.8888,0.0000,0.0000,12.6816,0.0000,0.0000,0.0000,15.8437,3.2183,0.0000,0.0000,0.0000,13.7170,9.4906,4.3105,7.3623,5.9387,11.2676,14.9590,4.8817,0.0000,3.9884,2.0003,0.0000,0.0000,0.0000,134.8624,0.0000,0.0000,200.0000,0.0000,0.0000,200.0000,4.6600,100.0000,0.0000,0.0000,0.0000,0.0000,0.0000,25.0000,0.0000,0.0000,0.0000,0.0000,0.0000,0.0000,0.0000,0.0000,0.0000,0.0000,0.0000,0.0000,8.2567,0.0000,0.0000,0.0000,0.0000,200.0000,18.0500,0.0000,0.0000,100.0000
19,75EnNDPL2024/09/15,NDPL,0.0000,0.0000,0.0000,0.0000,0.0000,0.0000,0.0000,0.0000,77.9477,0.0000,23.7360,0.0000,0.0000,0.0000,63.6240,0.0000,27.6734,524.7258,43.5957,0.0000,69.6064,0.0000,0.0000,64.5600,0.0000,150.6100,0.0000,0.0000,0.0000,0.0000,0.0000,0.0000,9.3306,0.0000,0.0000,6.3814,14.1138,36.4400,0.0000,34.5150,39.5777,6.3090,5.8389,0.0000,13.7815,30.3333,0.0000,13.1412,21.3572,27.6374,0.0000,20.7169,10.8888,0.0000,0.0000,12.6816,0.0000,0.0000,0.0000,15.8437,3.1754,0.0000,0.0000,0.0000,13.7170,9.4906,0.0000,7.3623,5.9387,11.2676,14.9590,4.8817,0.0000,3.9884,2.0003,0.0000,0.0000,0.0000,134.8624,0.0000,0.0000,200.0000,0.0000,0.0000,200.0000,4.6600,100.0000,0.0000,0.0000,0.0000,0.0000,0.0000,25.0000,0.0000,0.0000,0.0000,0.0000,0.0000,0.0000,0.0000,0.0000,0.0000,0.0000,0.0000,0.0000,8.2567,0.0000,0.0000,0.0000,0.0000,200.0000,18.0500,0.0000,0.0000,100.0000
20,75EnNDPL2024/09/15,NDPL,0.0000,0.0000,0.0000,0.0000,0.0000,0.0000,0.0000,0.0000,77.9477,0.0000,23.7360,0.0000,0.0000,0.0000,63.6240,0.0000,27.6734,524.7258,43.5957,0.0000,69.6064,0.0000,0.0000,64.5600,0.0000,150.6100,0.0000,0.0000,0.0000,0.0000,0.0000,0.0000,9.3306,0.0000,0.0000,6.3814,14.1138,36.4400,0.0000,34.5150,39.5777,6.3090,5.8389,0.0000,13.7815,30.3333,0.0000,13.1412,21.3572,27.6374,0.0000,20.7169,10.8888,0.0000,0.0000,12.6816,0.0000,0.0000,0.0000,15.8437,3.0956,0.0000,0.0000,0.0000,15.4106,9.4906,0.0000,7.3623,5.9387,11.2676,14.9590,4.8817,0.0000,3.9884,2.0003,0.0000,0.0000,0.0000,134.8624,0.0000,0.0000,200.0000,0.0000,0.0000,200.0000,4.6600,100.0000,0.0000,0.0000,0.0000,0.0000,0.0000,25.0000,0.0000,0.0000,0.0000,0.0000,0.0000,0.0000,0.0000,0.0000,0.0000,0.0000,0.0000,0.0000,8.2567,0.0000,0.0000,0.0000,0.0000,200.0000,18.0500,0.0000,0.0000,100.0000
21,75EnNDPL2024/09/15,NDPL,0.0000,0.0000,0.0000,0.0000,0.0000,0.0000,0.0000,0.0000,77.9477,0.0000,23.7360,0.0000,0.0000,0.0000,63.6240,0.0000,27.6734,524.7258,43.5957,0.0000,69.6064,0.0000,0.0000,64.5600,0.0000,150.6100,0.0000,0.0000,0.0000,0.0000,0.0000,0.0000,9.3306,0.0000,0.0000,6.3814,14.1138,36.4400,0.0000,34.5150,39.5777,6.3090,5.8389,0.0000,13.7815,30.3333,0.0000,13.1412,21.3572,27.6374,0.0000,20.7169,10.8888,0.0000,0.0000,12.6816,0.0000,0.0000,0.0000,15.8437,3.0128,0.0000,0.0000,0.0000,15.4106,9.4906,0.0000,7.3623,5.9387,11.2676,14.9590,4.8817,0.0000,3.9884,2.0003,0.0000,0.0000,0.0000,134.8624,0.0000,0.0000,200.0000,0.0000,0.0000,200.0000,4.6600,100.0000,0.0000,0.0000,0.0000,0.0000,0.0000,24.8300,0.0000,0.0000,0.0000,0.0000,0.0000,0.0000,0.0000,0.0000,0.0000,0.0000,0.0000,0.0000,8.2567,0.0000,0.0000,0.0000,0.0000,200.0000,17.7700,0.0000,0.0000,100.0000
22,75EnNDPL2024/09/15,NDPL,0.0000,0.0000,0.0000,0.0000,0.0000,0.0000,0.0000,0.0000,77.9477,0.0000,23.7360,0.0000,0.0000,0.0000,63.6240,0.0000,27.6734,524.7258,43.5957,0.0000,69.6064,0.0000,0.0000,64.5600,0.0000,150.6100,0.0000,0.0000,0.0000,0.0000,0.0000,0.0000,9.3306,0.0000,0.0000,6.3814,14.1138,36.4400,0.0000,34.5150,39.5777,6.3090,5.8389,0.0000,13.7815,30.3333,0.0000,13.1412,21.3572,27.6374,0.0000,20.7169,10.8888,0.0000,0.0000,12.6816,0.0000,0.0000,0.0000,15.8437,2.9146,0.0000,0.0000,0.0000,15.4106,9.4906,0.0000,7.3623,5.9387,11.2676,14.9590,5.8602,0.0000,3.9884,2.0003,0.0000,0.0000,0.0000,134.8624,0.0000,0.0000,200.0000,0.0000,0.0000,200.0000,4.6600,100.0000,0.0000,0.0000,0.0000,0.0000,0.0000,24.6700,0.0000,0.0000,0.0000,0.0000,0.0000,0.0000,0.0000,0.0000,0.0000,0.0000,0.0000,0.0000,8.2567,0.0000,0.0000,0.0000,0.0000,200.0000,17.7700,0.0000,0.0000,100.0000
23,75EnNDPL2024/09/15,NDPL,0.0000,0.0000,0.0000,0.0000,0.0000,0.0000,0.0000,0.0000,77.9477,0.0000,23.7360,0.0000,0.0000,0.0000,63.6240,0.0000,27.6734,524.7258,43.5957,0.0000,69.6064,0.0000,0.0000,64.5600,0.0000,150.6100,0.0000,0.0000,0.0000,0.0000,0.0000,0.0000,9.3306,0.0000,0.0000,6.3814,14.1138,36.4400,0.0000,34.5150,39.5777,6.3090,5.8389,0.0000,13.7815,30.3333,0.0000,13.1412,21.3572,27.6374,0.0000,20.7169,10.8888,0.0000,0.0000,12.6816,0.0000,0.0000,0.0000,15.8437,2.8318,0.0000,0.0000,0.0000,13.7170,9.4906,0.0000,7.3623,5.9387,11.2676,14.9590,7.0334,0.0000,3.6141,2.0003,0.0000,0.0000,0.0000,134.8624,0.0000,0.0000,200.0000,0.0000,0.0000,200.0000,4.6600,100.0000,0.0000,0.0000,0.0000,0.0000,0.0000,22.0000,0.0000,0.0000,0.0000,0.0000,0.0000,0.0000,0.0000,0.0000,0.0000,0.0000,0.0000,0.0000,8.2567,0.0000,0.0000,0.0000,0.0000,200.0000,17.7700,0.0000,0.0000,100.0000
24,75EnNDPL2024/09/15,NDPL,0.0000,0.0000,0.0000,0.0000,0.0000,0.0000,0.0000,0.0000,77.9477,0.0000,23.7360,0.0000,0.0000,0.0000,63.6240,0.0000,27.6734,524.7258,43.5957,0.0000,69.6064,0.0000,0.0000,64.5600,0.0000,150.6100,0.0000,0.0000,0.0000,0.0000,0.0000,0.0000,9.3306,0.0000,0.0000,6.3814,14.1138,36.4400,0.0000,34.5150,39.5777,6.3090,5.8389,0.0000,13.7815,30.3333,0.0000,13.1412,21.3572,27.6374,0.0000,20.7169,10.8888,0.0000,0.0000,12.6816,0.0000,0.0000,0.0000,15.8437,2.7489,0.0000,0.0000,0.0000,13.7170,9.4906,0.0000,7.3623,5.9387,11.2676,14.9590,15.0426,0.0000,3.6141,2.0003,0.0000,0.0000,0.0000,134.8624,0.0000,0.0000,200.0000,0.0000,0.0000,200.0000,4.6600,100.0000,0.0000,0.0000,0.0000,0.0000,0.0000,21.8300,0.0000,0.0000,0.0000,0.0000,0.0000,0.0000,0.0000,0.0000,0.0000,0.0000,0.0000,0.0000,8.2567,0.0000,0.0000,0.0000,0.0000,200.0000,17.7700,0.0000,0.0000,100.0000
25,75EnNDPL2024/09/15,NDPL,0.0000,0.0000,0.0000,0.0000,0.0000,0.0000,0.0000,0.0000,77.9477,0.0000,23.7360,0.0000,0.0000,0.0000,63.6240,0.0000,27.6734,524.7258,43.5957,0.0000,69.6064,0.0000,0.0000,64.5600,0.0000,150.6100,0.0000,0.0000,0.0000,0.0000,0.0000,0.0000,9.3306,0.0000,0.0000,6.3814,14.1138,36.4400,0.0000,34.5150,39.5777,6.3090,5.8389,0.0000,13.7815,30.3333,0.0000,12.8172,21.3572,27.0536,0.0000,20.7169,10.8888,0.0000,0.0000,12.6816,0.0000,0.0000,0.0000,15.8437,2.7489,0.0000,0.0000,0.0000,13.7170,9.4906,0.0000,7.3623,5.9387,11.2676,14.9590,15.0426,0.0000,3.6540,2.0003,0.0000,0.0000,0.0000,134.8624,0.0000,0.0000,200.0000,0.0000,0.0000,0.7500,4.6600,100.0000,0.0000,0.0000,0.0000,0.0000,0.0000,23.3300,0.0000,0.0000,0.0000,0.0000,0.0000,0.0000,0.0000,0.0000,0.0000,0.0000,0.0000,0.0000,8.2567,0.0000,0.0000,0.0000,0.0000,1.0000,17.5000,0.0000,0.0000,100.0000
26,75EnNDPL2024/09/15,NDPL,0.0000,0.0000,0.0000,0.0000,0.0000,0.0000,0.0000,0.0000,77.9477,0.0000,23.7360,0.0000,0.0000,0.0000,63.6240,0.0000,27.6734,524.7258,43.5957,0.0000,69.6064,0.0000,0.0000,64.5600,0.0000,150.6100,0.0000,0.0000,0.0000,0.0000,0.0000,0.0000,9.3306,0.0000,0.0000,6.3814,14.1138,36.4400,0.0000,34.5150,39.5777,6.3090,5.8389,0.0000,13.7815,30.3333,0.0000,12.8172,21.3572,27.0536,0.0000,20.7169,10.8888,0.0000,0.0000,12.6816,0.0000,0.0000,0.0000,15.8437,2.7489,0.0000,0.0000,0.0000,13.7170,9.4906,0.0000,7.3623,5.9387,11.2676,14.9590,15.0426,0.0000,3.6540,2.0003,0.0000,0.0000,0.0000,134.8624,0.0000,0.0000,200.0000,0.0000,0.0000,4.8900,4.6600,100.0000,0.0000,0.0000,0.0000,0.0000,0.0000,23.1700,0.0000,0.0000,0.0000,0.0000,0.0000,0.0000,0.0000,0.0000,0.0000,0.0000,0.0000,0.0000,8.2567,0.0000,0.0000,0.0000,0.0000,2.0000,17.5000,0.0000,0.0000,100.0000
27,75EnNDPL2024/09/15,NDPL,0.0000,0.0000,0.0000,0.0000,0.0000,0.0000,0.0000,0.0000,77.9477,0.0000,23.7360,0.0000,0.0000,0.0000,63.6240,0.0000,27.6734,524.7258,43.5957,0.0000,69.6064,0.0000,0.0000,64.5600,0.0000,150.6100,0.0000,0.0000,0.0000,0.0000,0.0000,0.0000,9.3306,0.0000,0.0000,6.3814,14.1138,36.4400,0.0000,34.5150,41.8818,6.3090,5.8389,0.0000,13.7815,30.3333,0.0000,12.8172,21.3572,27.0536,0.0000,20.7169,10.8888,0.0000,0.0000,12.6816,0.0000,0.0000,0.0000,15.8437,2.7489,0.0000,0.0000,0.0000,13.7170,9.4906,0.0000,7.3623,5.9387,11.2676,14.9590,15.0426,0.0000,3.6540,2.0003,0.0000,0.0000,0.0000,134.8624,0.0000,0.0000,200.0000,0.0000,0.0000,11.2200,4.6600,100.0000,0.0000,0.0000,0.0000,0.0000,0.0000,20.0000,0.0000,0.0000,0.0000,0.0000,0.0000,0.0000,0.0000,0.0000,0.0000,0.0000,0.0000,0.0000,8.2567,0.0000,0.0000,0.0000,0.0000,5.0000,17.5000,0.0000,0.0000,0.4300
28,75EnNDPL2024/09/15,NDPL,0.0000,0.0000,0.0000,0.0000,0.0000,0.0000,0.0000,0.0000,77.9477,0.0000,23.7360,0.0000,0.0000,0.0000,63.6240,0.0000,27.6734,524.7258,43.5957,0.0000,69.6064,0.0000,0.0000,64.5600,0.0000,150.6100,0.0000,0.0000,0.0000,0.0000,0.0000,0.0000,9.3306,0.0000,0.0000,6.3814,14.1138,36.4400,0.0000,34.5150,41.8818,6.3090,5.8389,0.0000,13.7815,30.3333,0.0000,12.8172,21.3572,27.0536,0.0000,20.7169,10.8888,0.0000,0.0000,12.6816,0.0000,0.0000,0.0000,15.8437,2.7489,0.0000,0.0000,0.0000,13.7170,9.4906,0.0000,7.3623,5.9387,11.2676,14.9590,15.0426,0.0000,3.6540,2.0003,0.0000,0.0000,0.0000,134.8624,0.0000,0.0000,200.0000,0.0000,0.0000,17.9100,4.6600,100.0000,0.0000,0.0000,0.0000,0.0000,0.0000,20.1700,0.0000,0.0000,0.0000,0.0000,0.0000,0.0000,0.0000,0.0000,0.0000,0.0000,0.0000,0.0000,8.2567,0.0000,0.0000,0.0000,0.0000,8.0000,17.5000,0.0000,0.0000,0.7500
29,75EnNDPL2024/09/15,NDPL,0.0000,0.0000,0.0000,0.0000,0.0000,0.0000,0.0000,0.0000,77.9477,0.0000,23.7360,0.0000,0.0000,0.0000,63.6240,0.0000,27.6734,524.7258,43.5957,0.0000,69.6064,0.0000,0.0000,64.5600,0.0000,150.6100,0.0000,0.0000,0.0000,0.0000,0.0000,0.0000,9.3306,0.0000,0.0000,6.3814,14.1138,36.4400,0.0000,34.5150,41.8818,6.3090,5.8389,0.0000,13.7815,30.3333,0.0000,12.8172,21.3572,27.0536,0.0000,20.7169,10.8888,0.0000,0.0000,12.6816,0.0000,0.0000,0.0000,15.8437,2.7704,0.0000,0.0000,0.0000,13.7170,9.4906,0.0000,7.3623,5.9387,11.2676,14.9590,15.0426,0.0000,3.6540,2.0003,0.0000,0.0000,0.0000,134.8624,0.0000,0.0000,200.0000,0.0000,0.0000,25.3500,4.6600,100.0000,0.0000,0.0000,0.0000,0.0000,0.0000,20.0000,0.0000,0.0000,0.0000,0.0000,0.0000,0.0000,0.0000,0.0000,0.0000,0.0000,0.0000,0.0000,8.2567,0.0000,0.0000,0.0000,0.0000,10.0000,17.3200,0.0000,0.0000,1.2800
30,75EnNDPL2024/09/15,NDPL,0.0000,0.0000,0.0000,0.0000,0.0000,0.0000,0.0000,0.0000,77.9477,0.0000,23.7360,0.0000,0.0000,0.0000,63.6240,0.0000,27.6734,524.7258,43.5957,0.0000,69.6064,0.0000,0.0000,64.5600,0.0000,150.6100,0.0800,0.0000,0.0000,0.0000,0.0000,0.0000,9.3306,0.0000,0.0000,6.3814,14.1138,36.4400,0.0000,34.5150,41.8818,6.3090,5.8389,0.0000,13.7815,30.3333,0.0000,12.8172,21.3572,27.0536,0.0000,20.7169,10.8888,0.0000,0.0000,12.6816,0.0000,0.0000,0.0000,15.8437,2.8134,0.0000,0.0000,0.0000,13.7170,9.4906,0.0000,7.3623,5.9387,11.2676,14.9590,4.8817,0.0000,3.6540,2.0003,0.0000,0.0000,0.0000,134.8624,0.0000,0.0000,200.0000,0.0000,0.0000,34.5600,4.6600,100.0000,0.0000,0.0000,0.0000,0.0000,0.0000,20.5000,0.0000,0.0000,0.0000,0.0000,0.0000,0.0000,0.0000,0.0000,0.0000,0.0000,0.0000,0.0000,8.2567,0.0000,0.0000,0.0000,0.0000,15.0000,17.3200,0.0000,0.0000,2.0100
31,75EnNDPL2024/09/15,NDPL,0.0000,0.0000,0.0000,0.0000,0.0000,0.0000,0.0000,0.0000,77.9477,0.0000,23.7360,0.0000,0.0000,0.0000,63.6240,0.0000,27.6734,524.7258,43.5957,0.0000,69.6064,0.0000,0.0000,64.5600,0.0000,150.6100,0.4133,0.0000,0.0000,0.0000,0.0000,0.0000,9.3306,0.0000,0.0000,6.3814,14.1138,36.4400,0.0000,34.5150,41.8818,6.3090,5.8389,0.0000,13.7815,30.3333,0.0000,12.8172,21.3572,27.0536,0.0000,20.7169,10.8888,0.0000,0.0000,12.6816,0.0000,0.0000,0.0000,15.8437,2.8563,0.0000,0.0000,0.0000,13.7170,9.4906,0.0000,7.3623,5.9387,11.2676,14.9590,4.2979,0.0000,3.6540,2.0003,0.0000,0.0000,0.0000,134.8624,0.0000,0.0000,200.0000,0.0000,0.0000,45.0100,4.6600,100.0000,0.0000,0.0000,0.0000,0.0000,0.0000,20.6700,0.0000,0.0000,0.0000,0.0000,0.0000,0.0000,0.0000,0.0000,0.0000,0.0000,0.0000,0.0000,8.2567,0.0000,0.0000,0.0000,0.0000,18.0000,17.3200,0.0000,0.0000,2.8800
32,75EnNDPL2024/09/15,NDPL,0.0000,0.0000,0.0000,0.0000,0.0000,0.0000,0.0000,0.0000,77.9477,0.0000,23.7360,0.0000,0.0000,0.0000,63.6240,0.0000,27.6734,524.7258,43.5957,0.0000,69.6064,0.0000,0.0000,64.5600,0.0000,150.6100,1.2633,0.0000,0.0000,0.0000,0.0000,0.0000,9.3306,0.0000,0.0000,6.3814,14.1138,36.4400,0.0000,34.5150,41.8818,6.3090,5.8389,0.0000,13.7815,30.3333,0.0000,12.8172,21.3572,27.0536,0.0000,20.7169,10.8888,0.0000,0.0000,12.6816,0.0000,0.0000,0.0000,15.8437,2.8563,0.0000,0.0000,0.0000,13.7170,9.4906,0.0000,7.3623,5.9387,11.2676,14.9590,4.2979,0.0000,3.6540,2.0003,0.0000,0.0000,0.0000,134.8624,0.0000,0.0000,200.0000,0.0000,0.0000,55.8800,4.6600,100.0000,0.0000,0.0000,0.0000,0.0000,0.0000,20.8300,0.0000,0.0000,0.0000,0.0000,0.0000,0.0000,0.0000,0.0000,0.0000,0.0000,0.0000,0.0000,8.2567,0.0000,0.0000,0.0000,0.0000,25.0000,17.3200,0.0000,0.0000,3.5600
33,75EnNDPL2024/09/15,NDPL,0.0000,0.0000,0.0000,0.0000,0.0000,0.0000,0.0000,0.0000,77.9477,0.0000,23.7360,0.0000,0.0000,0.0000,63.6240,0.0000,27.6734,524.7258,43.5957,0.0000,69.6064,0.0000,0.0000,64.5600,0.0000,150.6100,2.8933,0.0000,0.0000,0.0000,0.0000,0.0000,9.3306,0.0000,0.0000,6.3814,14.1138,36.4400,0.0000,34.5150,41.8818,6.3090,5.8389,0.0000,13.7815,30.3333,0.0000,12.8172,21.3572,27.0536,0.0000,20.7169,10.8888,0.0000,0.0000,12.6816,0.0000,0.0000,0.0000,15.8437,3.8411,0.0000,0.0000,0.0000,13.7170,9.4906,0.0000,7.3623,5.9387,11.2676,14.9590,4.2979,0.0000,3.6540,2.0003,0.0000,0.0000,0.0000,134.8624,0.0000,0.0000,200.0000,0.0000,0.0000,66.3800,4.6600,100.0000,0.0000,0.0000,0.0000,0.0000,0.0000,20.6700,0.0000,0.0000,0.0000,0.0000,0.0000,0.0000,0.0000,0.0000,0.0000,0.0000,0.0000,0.0000,8.2567,0.0000,0.0000,0.0000,0.0000,32.0000,17.1300,0.0000,0.0000,4.5600
34,75EnNDPL2024/09/15,NDPL,0.0000,0.0000,0.0000,0.0000,0.0000,0.0000,0.0000,0.0000,77.9477,0.0000,23.7360,0.0000,0.0000,0.0000,63.6240,0.0000,27.6734,524.7258,43.5957,0.0000,69.6064,0.0000,0.0000,64.5600,0.0000,150.6100,2.8933,0.0000,0.0000,0.0000,0.0000,0.0000,9.3306,0.0000,0.0000,6.3814,14.1138,36.4400,0.0000,34.5150,41.8818,6.3090,5.8389,0.0000,13.7815,30.3333,0.0000,12.8172,21.3572,27.0536,0.0000,20.7169,10.8888,0.0000,0.0000,12.6816,0.0000,0.0000,0.0000,15.8437,3.8411,0.0000,0.0000,0.0000,13.7170,9.4906,0.0000,7.3623,5.9387,11.2676,14.9590,4.2979,0.0000,3.6540,2.0003,0.0000,0.0000,0.0000,134.8624,0.0000,0.0000,200.0000,0.0000,0.0000,75.9400,4.6600,100.0000,0.0000,0.0000,0.0000,0.0000,0.0000,20.5000,0.0000,0.0000,0.0000,0.0000,0.0000,0.0000,0.0000,0.0000,0.0000,0.0000,0.0000,0.0000,8.2567,0.0000,0.0000,0.0000,0.0000,39.0000,17.1300,0.0000,0.0000,5.6200
35,75EnNDPL2024/09/15,NDPL,0.0000,0.0000,0.0000,0.0000,0.0000,0.0000,0.0000,0.0000,77.9477,0.0000,23.7360,0.0000,0.0000,0.0000,63.6240,0.0000,27.6734,524.7258,43.5957,0.0000,69.6064,0.0000,0.0000,64.5600,0.0000,150.6100,3.8333,0.0000,0.0000,0.0000,0.0000,0.0000,9.3306,0.0000,0.0000,6.3814,14.1138,36.4400,0.0000,34.5150,41.8818,6.3090,5.8389,0.0000,13.7815,30.3333,0.0000,12.8172,21.3572,27.0536,0.0000,20.7169,10.8888,0.0000,0.0000,12.6816,0.0000,0.0000,0.0000,15.8437,3.8411,0.0000,0.0000,0.0000,13.7170,9.4906,0.0000,7.3623,5.9387,11.2676,14.9590,4.2979,0.0000,3.6540,2.0003,0.0000,0.0000,0.0000,134.8624,0.0000,0.0000,200.0000,0.0000,0.0000,84.6700,4.6600,100.0000,0.0000,0.0000,0.0000,0.0000,0.0000,20.0000,0.0000,0.0000,0.0000,0.0000,0.0000,0.0000,0.0000,0.0000,0.0000,0.0000,0.0000,0.0000,8.2567,0.0000,0.0000,0.0000,0.0000,46.0000,17.1300,0.0000,0.0000,6.6500
36,75EnNDPL2024/09/15,NDPL,0.0000,0.0000,0.0000,0.0000,0.0000,0.0000,0.0000,0.0000,77.9477,0.0000,23.7360,0.0000,0.0000,0.0000,63.6240,0.0000,27.6734,524.7258,32.5507,0.0000,69.6064,0.0000,0.0000,64.5600,0.0000,150.6100,4.7366,0.0000,0.0000,0.0000,0.0000,0.0000,9.3306,0.0000,0.0000,6.3814,14.1138,36.4400,0.0000,34.5150,41.8818,6.3090,5.8389,0.0000,13.7815,30.3333,0.0000,12.8172,21.3572,27.0536,0.0000,20.7169,10.8888,0.0000,0.0000,12.6816,0.0000,0.0000,0.0000,15.8437,3.8411,0.0000,0.0000,0.0000,13.7170,9.4906,0.0000,7.3623,5.9387,11.2676,14.9590,4.2979,0.0000,3.6540,2.0003,0.0000,0.0000,0.0000,134.8624,0.0000,0.0000,200.0000,0.0000,0.0000,92.8600,4.6600,100.0000,0.0000,0.0000,0.0000,0.0000,0.0000,20.6700,0.0000,0.0000,0.0000,0.0000,0.0000,0.0000,0.0000,0.0000,0.0000,0.0000,0.0000,0.0000,8.2567,0.0000,0.0000,0.0000,0.0000,53.0000,17.1300,0.0000,0.0000,7.7000
37,75EnNDPL2024/09/15,NDPL,0.0000,0.0000,0.0000,0.0000,0.0000,0.0000,0.0000,0.0000,77.9477,0.0000,23.7360,0.0000,0.0000,0.0000,63.6240,0.0000,27.6734,524.7258,32.5507,0.0000,69.6064,0.0000,0.0000,64.5600,0.0000,150.6100,5.1299,0.0000,0.0000,0.0000,0.0000,0.0000,9.3306,0.0000,0.0000,6.3814,14.1138,36.4400,0.0000,34.5150,41.8818,6.3090,5.8389,0.0000,13.7815,30.3333,0.0000,12.8172,21.3572,27.0536,0.0000,20.7169,10.8888,0.0000,0.0000,12.6816,0.0000,0.0000,0.0000,15.8437,3.7522,0.0000,0.0000,0.0000,13.7170,8.2561,0.0000,7.3623,5.9387,11.2676,14.9590,4.2979,0.0000,3.6540,2.0003,0.0000,0.0000,0.0000,130.5120,0.0000,0.0000,200.0000,0.0000,0.0000,100.1200,4.6600,100.0000,0.0000,0.0000,0.0000,0.0000,0.0000,21.0000,0.0000,0.0000,0.0000,0.0000,0.0000,0.0000,0.0000,0.0000,0.0000,0.0000,0.0000,0.0000,8.2567,0.0000,0.0000,0.0000,0.0000,60.0000,16.9500,0.0000,0.0000,8.6000
38,75EnNDPL2024/09/15,NDPL,0.0000,0.0000,0.0000,0.0000,0.0000,0.0000,0.0000,0.0000,77.9477,0.0000,23.7360,0.0000,0.0000,0.0000,63.6240,0.0000,27.6734,524.7258,32.5507,0.0000,69.6064,0.0000,0.0000,64.5600,0.0000,150.6100,6.1233,0.0000,0.0000,0.0000,0.0000,0.0000,9.3306,0.0000,0.0000,6.3814,14.1138,36.4400,0.0000,34.5150,41.8818,6.3090,5.8389,0.0000,13.7815,30.3333,0.0000,12.8172,21.3572,27.0536,0.0000,20.7169,10.8888,0.0000,0.0000,12.6816,0.0000,0.0000,0.0000,15.8437,3.7522,0.0000,0.0000,0.0000,13.7170,8.2561,0.0000,7.3623,5.9387,11.2676,14.9590,4.2979,0.0000,3.6540,2.0003,0.0000,0.0000,0.0000,130.5120,0.0000,0.0000,200.0000,0.0000,0.0000,106.2200,4.6600,100.0000,0.0000,0.0000,0.0000,0.0000,0.0000,21.3300,0.0000,0.0000,0.0000,0.0000,0.0000,0.0000,0.0000,0.0000,0.0000,0.0000,0.0000,0.0000,8.2567,0.0000,0.0000,0.0000,0.0000,66.0000,16.9500,0.0000,0.0000,9.5200
39,75EnNDPL2024/09/15,NDPL,0.0000,0.0000,0.0000,0.0000,0.0000,0.0000,0.0000,0.0000,77.9477,0.0000,23.7360,0.0000,0.0000,0.0000,63.6240,0.0000,27.6734,524.7258,32.5507,0.0000,69.6064,0.0000,0.0000,64.5600,0.0000,150.6100,7.6733,0.0000,0.0000,0.0000,0.0000,0.0000,9.3306,0.0000,0.0000,6.3814,14.1138,36.4400,0.0000,34.5150,41.8818,6.3090,5.8389,0.0000,13.7815,30.3333,0.0000,12.8172,21.3572,27.0536,0.0000,20.7169,10.8888,0.0000,0.0000,12.6816,0.0000,0.0000,0.0000,15.8437,3.7522,0.0000,0.0000,0.0000,13.7170,8.2561,0.0000,3.6825,2.9708,11.2676,14.9590,4.2979,0.0000,3.6540,2.0003,0.0000,0.0000,0.0000,130.5120,0.0000,0.0000,200.0000,0.0000,0.0000,111.3600,4.6600,100.0000,0.0000,0.0000,0.0000,0.0000,0.0000,21.3300,0.0000,0.0000,0.0000,0.0000,0.0000,0.0000,0.0000,0.0000,0.0000,0.0000,0.0000,0.0000,8.2567,0.0000,0.0000,0.0000,0.0000,77.0000,16.9500,0.0000,0.0000,10.4300
40,75EnNDPL2024/09/15,NDPL,0.0000,0.0000,0.0000,0.0000,0.0000,0.0000,0.0000,0.0000,77.9477,0.0000,23.7360,0.0000,0.0000,0.0000,63.6240,0.0000,27.6734,524.7258,32.5507,0.0000,69.6064,0.0000,0.0000,64.5600,0.0000,150.6100,9.1466,0.0000,0.0000,0.0000,0.0000,0.0000,9.3306,0.0000,0.0000,6.3814,14.1138,36.4400,0.0000,34.5150,41.8818,6.3090,5.8389,0.0000,13.7815,30.3333,0.0000,12.8172,21.3572,27.0536,0.0000,20.7169,10.8888,0.0000,0.0000,12.6816,0.0000,0.0000,0.0000,15.8437,3.7522,0.0000,0.0000,0.0000,13.7170,8.2561,0.0000,3.6825,2.9708,11.2676,14.9590,4.2979,0.0000,3.6540,2.0003,0.0000,0.0000,0.0000,130.5120,0.0000,0.0000,200.0000,0.0000,0.0000,115.6300,4.6600,100.0000,0.0000,0.0000,0.0000,0.0000,0.0000,21.6700,0.0000,0.0000,0.0000,0.0000,0.0000,0.0000,0.0000,0.0000,0.0000,0.0000,0.0000,0.0000,8.2567,0.0000,0.0000,0.0000,0.0000,81.0000,16.9500,0.0000,0.0000,11.5900
41,75EnNDPL2024/09/15,NDPL,0.0000,0.0000,0.0000,0.0000,0.0000,0.0000,0.0000,0.0000,77.9477,0.0000,23.7360,0.0000,0.0000,0.0000,63.6240,0.0000,27.6734,524.7258,32.5507,0.0000,69.6064,0.0000,0.0000,64.5600,0.0000,150.6100,10.4066,0.0000,0.0000,0.0000,0.0000,0.0000,9.3306,0.0000,0.0000,6.3814,14.1138,36.4400,0.0000,34.5150,41.8818,6.3090,5.8389,0.0000,13.7815,30.3333,0.0000,12.7518,21.2888,27.0536,0.0000,20.7169,8.1666,0.0000,0.0000,12.6816,0.0000,0.0000,0.0000,15.8437,3.7522,0.0000,0.0000,0.0000,13.7170,8.2561,0.0000,3.6825,2.9708,11.2676,14.9590,4.2979,0.0000,3.6540,2.0003,0.0000,0.0000,0.0000,130.5120,0.0000,0.0000,200.0000,0.0000,0.0000,119.9300,4.6600,100.0000,0.0000,0.0000,0.0000,0.0000,0.0000,22.5000,0.0000,0.0000,0.0000,0.0000,0.0000,0.0000,0.0000,0.0000,0.0000,0.0000,0.0000,0.0000,8.2567,0.0000,0.0000,0.0000,0.0000,87.0000,16.7600,0.0000,0.0000,12.2200
42,75EnNDPL2024/09/15,NDPL,0.0000,0.0000,0.0000,0.0000,0.0000,0.0000,0.0000,0.0000,77.9477,0.0000,23.7360,0.0000,0.0000,0.0000,63.6240,0.0000,27.6734,524.7258,32.5507,0.0000,69.6064,0.0000,0.0000,64.5600,0.0000,150.6100,11.4099,0.0000,0.0000,0.0000,0.0000,0.0000,9.3306,0.0000,0.0000,6.3814,14.1138,36.4400,0.0000,34.5150,41.8818,6.3090,5.8389,0.0000,13.7815,30.3333,0.0000,12.7518,21.2888,26.6771,0.0000,20.7169,8.1666,0.0000,0.0000,12.6816,0.0000,0.0000,0.0000,15.8437,3.7522,0.0000,0.0000,0.0000,15.4106,8.2561,0.0000,3.6825,2.9708,11.2676,14.9590,4.2979,0.0000,3.6540,2.0003,0.0000,0.0000,0.0000,130.5120,0.0000,0.0000,200.0000,0.0000,0.0000,124.4800,4.6600,100.0000,0.0000,0.0000,0.0000,0.0000,0.0000,23.5000,0.0000,0.0000,0.0000,0.0000,0.0000,0.0000,0.0000,0.0000,0.0000,0.0000,0.0000,0.0000,8.2567,0.0000,0.0000,0.0000,0.0000,90.0000,16.7600,0.0000,0.0000,13.3700
43,75EnNDPL2024/09/15,NDPL,0.0000,0.0000,0.0000,0.0000,0.0000,0.0000,0.0000,0.0000,77.9477,0.0000,23.7360,0.0000,0.0000,0.0000,63.6240,0.0000,27.6734,524.7258,39.6687,0.0000,69.6064,0.0000,0.0000,64.5600,0.0000,150.6100,12.3332,0.0000,0.0000,0.0000,0.0000,0.0000,9.3306,0.0000,0.0000,6.3814,14.1138,36.4400,0.0000,34.5150,41.8818,6.3090,5.8389,0.0000,13.7815,30.3333,0.0000,12.7518,21.2888,26.6771,0.0000,20.7169,8.1666,0.0000,0.0000,12.6816,0.0000,0.0000,0.0000,15.8437,3.7522,0.0000,0.0000,0.0000,15.4106,8.2561,0.0000,3.6825,2.9708,11.2676,14.9590,4.2979,0.0000,3.6540,2.0003,0.0000,0.0000,0.0000,130.5120,0.0000,0.0000,200.0000,0.0000,0.0000,128.5700,4.6600,100.0000,0.0000,0.0000,0.0000,0.0000,0.0000,24.1700,0.0000,0.0000,0.0000,0.0000,0.0000,0.0000,0.0000,0.0000,0.0000,0.0000,0.0000,0.0000,8.2567,0.0000,0.0000,0.0000,0.0000,93.0000,16.7600,0.0000,0.0000,13.8800
44,75EnNDPL2024/09/15,NDPL,0.0000,0.0000,0.0000,0.0000,0.0000,0.0000,0.0000,0.0000,77.9477,0.0000,23.7360,0.0000,0.0000,0.0000,63.6240,0.0000,27.6734,524.7258,39.6687,0.0000,69.6064,0.0000,0.0000,64.5600,0.0000,150.6100,13.1165,0.0000,0.0000,0.0000,0.0000,0.0000,9.3306,0.0000,0.0000,6.3814,14.1138,36.4400,0.0000,34.5150,41.8818,6.3090,5.8389,0.0000,13.7815,30.3333,0.0000,12.7518,21.2888,26.6771,0.0000,20.7169,8.1666,0.0000,0.0000,12.6816,0.0000,0.0000,0.0000,15.8437,3.7522,0.0000,0.0000,0.0000,15.4106,8.2561,0.0000,3.6825,2.9708,11.2676,14.9590,4.2979,0.0000,3.6540,2.0003,0.0000,0.0000,0.0000,130.5120,0.0000,0.0000,200.0000,0.0000,0.0000,131.9300,4.6600,100.0000,0.0000,0.0000,0.0000,0.0000,0.0000,24.6700,0.0000,0.0000,0.0000,0.0000,0.0000,0.0000,0.0000,0.0000,0.0000,0.0000,0.0000,0.0000,8.2567,0.0000,0.0000,0.0000,0.0000,95.0000,16.7600,0.0000,0.0000,14.8200
45,75EnNDPL2024/09/15,NDPL,0.0000,0.0000,0.0000,0.0000,0.0000,0.0000,0.0000,0.0000,77.9477,0.0000,23.7360,0.0000,0.0000,0.0000,63.6240,0.0000,27.6734,524.7258,39.6687,0.0000,69.6064,0.0000,0.0000,64.5600,0.0000,150.6100,13.6732,0.0000,0.0000,0.0000,0.0000,0.0000,9.3306,0.0000,0.0000,6.3814,14.1138,36.4400,0.0000,34.5150,41.8818,6.3090,5.8389,0.0000,13.7815,30.3333,0.0000,12.7518,21.2888,26.6771,0.0000,20.7169,8.1666,0.0000,0.0000,12.6816,0.0000,0.0000,0.0000,15.8437,3.7522,0.0000,0.0000,0.0000,13.7170,8.2561,0.0000,3.6825,2.9708,11.2676,14.9590,4.2979,0.0000,3.6540,2.0003,0.0000,0.0000,0.0000,130.5120,0.0000,0.0000,200.0000,0.0000,0.0000,134.5800,4.6600,100.0000,0.0000,0.0000,0.0000,0.0000,0.0000,29.1700,0.0000,0.0000,0.0000,0.0000,0.0000,0.0000,0.0000,0.0000,0.0000,0.0000,0.0000,0.0000,8.2567,0.0000,0.0000,0.0000,0.0000,95.0000,16.7600,0.0000,0.0000,15.0900
46,75EnNDPL2024/09/15,NDPL,0.0000,0.0000,0.0000,0.0000,0.0000,0.0000,0.0000,0.0000,77.9477,0.0000,23.7360,0.0000,0.0000,0.0000,63.6240,0.0000,27.6734,524.7258,39.6687,0.0000,69.6064,0.0000,0.0000,64.5600,0.0000,150.6100,14.1765,0.0000,0.0000,0.0000,0.0000,0.0000,9.3306,0.0000,0.0000,6.3814,14.1138,36.4400,0.0000,34.5150,41.8818,6.3090,5.8389,0.0000,13.7815,30.3333,0.0000,12.7518,21.2888,26.6771,0.0000,20.7169,8.1666,0.0000,0.0000,12.6816,0.0000,0.0000,0.0000,15.8437,3.7522,0.0000,0.0000,0.0000,13.7170,8.2561,0.0000,3.6825,2.9708,11.2676,14.9590,4.2979,0.0000,3.6540,2.0003,0.0000,0.0000,0.0000,130.5120,0.0000,0.0000,200.0000,0.0000,0.0000,136.6200,4.6600,100.0000,0.0000,0.0000,0.0000,0.0000,0.0000,29.8300,0.0000,0.0000,0.0000,0.0000,0.0000,0.0000,0.0000,0.0000,0.0000,0.0000,0.0000,0.0000,8.2567,0.0000,0.0000,0.0000,0.0000,95.0000,16.7600,0.0000,0.0000,15.3300
47,75EnNDPL2024/09/15,NDPL,0.0000,0.0000,0.0000,0.0000,0.0000,0.0000,0.0000,0.0000,77.9477,0.0000,23.7360,0.0000,0.0000,0.0000,63.6240,0.0000,27.6734,524.7258,39.6687,0.0000,69.6064,0.0000,0.0000,64.5600,0.0000,150.6100,14.4499,0.0000,0.0000,0.0000,0.0000,0.0000,9.3306,0.0000,0.0000,6.3814,14.1138,36.4400,0.0000,34.5150,41.8818,6.3090,5.8389,0.0000,13.7815,30.3333,0.0000,12.7518,21.2888,26.6771,0.0000,20.7169,8.1666,0.0000,0.0000,12.6816,0.0000,0.0000,0.0000,15.8437,3.7522,0.0000,0.0000,0.0000,13.7170,9.0800,0.0000,3.6825,2.9708,11.2676,14.9590,4.2979,0.0000,3.6540,2.0003,0.0000,0.0000,0.0000,130.5120,0.0000,0.0000,200.0000,0.0000,0.0000,137.7800,4.6600,100.0000,0.0000,0.0000,0.0000,0.0000,0.0000,30.3300,0.0000,0.0000,0.0000,0.0000,0.0000,0.0000,0.0000,0.0000,0.0000,0.0000,0.0000,0.0000,8.2567,0.0000,0.0000,0.0000,0.0000,95.0000,16.7600,0.0000,0.0000,15.7600
48,75EnNDPL2024/09/15,NDPL,0.0000,0.0000,0.0000,0.0000,0.0000,0.0000,0.0000,0.0000,77.9477,0.0000,23.7360,0.0000,0.0000,0.0000,63.6240,0.0000,27.6734,524.7258,39.6687,0.0000,69.6064,0.0000,0.0000,64.5600,0.0000,150.6100,14.6199,0.0000,0.0000,0.0000,0.0000,0.0000,9.3306,0.0000,0.0000,6.3814,14.1138,36.4400,0.0000,34.5150,41.8818,6.3090,5.8389,0.0000,13.7815,30.3333,0.0000,12.7518,21.2888,26.6771,0.0000,20.7169,8.1666,0.0000,0.0000,12.6816,0.0000,0.0000,0.0000,15.8437,3.7522,0.0000,0.0000,0.0000,13.7170,9.0800,0.0000,3.6825,2.9708,11.2676,14.9590,4.2979,0.0000,3.6540,2.0003,0.0000,0.0000,0.0000,130.5120,0.0000,0.0000,200.0000,0.0000,0.0000,138.5400,4.6600,100.0000,0.0000,0.0000,0.0000,0.0000,0.0000,30.6700,0.0000,0.0000,0.0000,0.0000,0.0000,0.0000,0.0000,0.0000,0.0000,0.0000,0.0000,0.0000,8.2567,0.0000,0.0000,0.0000,0.0000,95.0000,16.7600,0.0000,0.0000,15.7600
49,75EnNDPL2024/09/15,NDPL,0.0000,0.0000,0.0000,0.0000,0.0000,0.0000,0.0000,0.0000,77.9477,0.0000,23.7360,0.0000,0.0000,0.0000,63.6240,0.0000,27.6734,524.7258,39.6687,0.0000,69.6064,0.0000,0.0000,64.5600,0.0000,150.6100,14.6932,0.0000,0.0000,0.0000,0.0000,0.0000,9.3306,0.0000,0.0000,6.3814,14.1138,36.4400,0.0000,34.5150,41.8818,6.3090,5.8389,0.0000,13.7815,30.3333,0.0000,12.6565,21.2888,26.6771,0.0000,20.7169,8.1666,0.0000,0.0000,12.6816,0.0000,0.0000,0.0000,15.8437,3.7522,0.0000,0.0000,0.0000,13.7170,9.0800,0.0000,3.6825,2.9708,11.2676,14.9590,4.2979,0.0000,3.6540,2.0003,0.0000,0.0000,0.0000,128.3368,0.0000,0.0000,200.0000,0.0000,0.0000,137.7500,4.6600,100.0000,0.0000,0.0000,0.0000,0.0000,0.0000,30.6700,0.0000,0.0000,0.0000,0.0000,0.0000,0.0000,0.0000,0.0000,0.0000,0.0000,0.0000,0.0000,8.2567,0.0000,0.0000,0.0000,0.0000,95.0000,16.5700,0.0000,0.0000,15.7600
50,75EnNDPL2024/09/15,NDPL,0.0000,0.0000,0.0000,0.0000,0.0000,0.0000,0.0000,0.0000,77.9477,0.0000,23.7360,0.0000,0.0000,0.0000,63.6240,0.0000,27.6734,524.7258,39.6687,0.0000,69.6064,0.0000,0.0000,64.5600,0.0000,150.6100,14.7132,0.0000,0.0000,0.0000,0.0000,0.0000,9.3306,0.0000,0.0000,6.3814,14.1138,36.4400,0.0000,34.5150,41.8818,6.3090,5.8389,0.0000,13.7815,30.3333,0.0000,12.6565,21.2888,26.6771,0.0000,20.7169,8.1666,0.0000,0.0000,12.6816,0.0000,0.0000,0.0000,15.8437,3.7522,0.0000,0.0000,0.0000,13.7170,9.0800,0.0000,3.6825,2.9708,11.2676,14.9590,4.2979,0.0000,3.6540,2.0003,0.0000,0.0000,0.0000,128.3368,0.0000,0.0000,200.0000,0.0000,0.0000,134.9700,4.6600,100.0000,0.0000,0.0000,0.0000,0.0000,0.0000,30.3300,0.0000,0.0000,0.0000,0.0000,0.0000,0.0000,0.0000,0.0000,0.0000,0.0000,0.0000,0.0000,8.2567,0.0000,0.0000,0.0000,0.0000,95.0000,16.5700,0.0000,0.0000,15.7600
51,75EnNDPL2024/09/15,NDPL,0.0000,0.0000,0.0000,0.0000,0.0000,0.0000,0.0000,0.0000,77.9477,0.0000,23.7360,0.0000,0.0000,0.0000,63.6240,0.0000,27.6734,524.7258,39.6687,0.0000,69.6064,0.0000,0.0000,64.5600,0.0000,150.6100,14.7132,0.0000,0.0000,0.0000,0.0000,0.0000,9.3306,0.0000,0.0000,6.3814,14.1138,36.4400,0.0000,34.5150,41.8818,6.3090,5.8389,0.0000,13.7815,30.3333,0.0000,12.6565,21.2888,26.6771,0.0000,20.7169,5.4444,0.0000,0.0000,12.6816,0.0000,0.0000,0.0000,15.8437,3.7522,0.0000,0.0000,0.0000,13.7170,9.0800,0.0000,3.6825,2.9708,11.2676,14.9590,4.2979,0.0000,3.6540,0.0000,0.0000,0.0000,0.0000,128.3368,0.0000,0.0000,200.0000,0.0000,0.0000,132.0500,4.6600,100.0000,0.0000,0.0000,0.0000,0.0000,0.0000,30.5000,0.0000,0.0000,0.0000,0.0000,0.0000,0.0000,0.0000,0.0000,0.0000,0.0000,0.0000,0.0000,8.2567,0.0000,0.0000,0.0000,0.0000,95.0000,16.5700,0.0000,0.0000,15.7600
52,75EnNDPL2024/09/15,NDPL,0.0000,0.0000,0.0000,0.0000,0.0000,0.0000,0.0000,0.0000,77.9477,0.0000,23.7360,0.0000,0.0000,0.0000,63.6240,0.0000,27.6734,524.7258,39.6687,0.0000,69.6064,0.0000,0.0000,64.5600,0.0000,150.6100,14.7132,0.0000,0.0000,0.0000,0.0000,0.0000,9.3306,0.0000,0.0000,6.3814,14.1138,36.4400,0.0000,34.5150,41.8818,6.3090,5.8389,0.0000,13.7815,30.3333,0.0000,12.6565,21.2888,26.6771,0.0000,20.7169,5.4444,0.0000,0.0000,12.6816,0.0000,0.0000,0.0000,15.8437,3.7522,0.0000,0.0000,0.0000,13.7170,9.0800,0.0000,3.6825,2.9708,11.2676,14.9590,4.2979,0.0000,3.6540,0.0000,0.0000,0.0000,0.0000,128.3368,0.0000,0.0000,200.0000,0.0000,0.0000,129.2000,4.6600,100.0000,0.0000,0.0000,0.0000,0.0000,0.0000,31.0000,0.0000,0.0000,0.0000,0.0000,0.0000,0.0000,0.0000,0.0000,0.0000,0.0000,0.0000,0.0000,8.2567,0.0000,0.0000,0.0000,0.0000,95.0000,16.5700,0.0000,0.0000,15.7600
53,75EnNDPL2024/09/15,NDPL,0.0000,0.0000,0.0000,0.0000,0.0000,0.0000,0.0000,0.0000,77.9477,0.0000,23.7360,0.0000,0.0000,0.0000,63.6240,0.0000,27.6734,524.7258,39.6687,0.0000,69.6064,0.0000,0.0000,64.5600,0.0000,150.6100,14.7132,0.0000,0.0000,0.0000,0.0000,0.0000,9.3306,0.0000,0.0000,6.3814,14.1138,36.4400,0.0000,34.5150,41.8818,6.3090,5.8389,0.0000,13.7815,30.3333,0.0000,12.6565,21.2888,26.6771,0.0000,20.7169,5.4444,0.0000,0.0000,12.6816,0.0000,0.0000,0.0000,15.8437,3.7522,0.0000,0.0000,0.0000,13.7170,9.0800,0.0000,2.8654,2.1509,11.2676,14.9590,4.2979,0.0000,3.6540,0.0000,0.0000,0.0000,0.0000,128.3368,0.0000,0.0000,200.0000,0.0000,0.0000,124.7800,4.6600,100.0000,0.0000,0.0000,0.0000,0.0000,0.0000,31.0000,0.0000,0.0000,0.0000,0.0000,0.0000,0.0000,0.0000,0.0000,0.0000,0.0000,0.0000,0.0000,8.2567,0.0000,0.0000,0.0000,0.0000,90.0000,16.3900,0.0000,0.0000,15.7600
54,75EnNDPL2024/09/15,NDPL,0.0000,0.0000,0.0000,0.0000,0.0000,0.0000,0.0000,0.0000,77.9477,0.0000,23.7360,0.0000,0.0000,0.0000,63.6240,0.0000,27.6734,524.7258,39.6687,0.0000,69.6064,0.0000,0.0000,64.5600,0.0000,150.6100,14.6732,0.0000,0.0000,0.0000,0.0000,0.0000,9.3306,0.0000,0.0000,6.3814,14.1138,36.4400,0.0000,34.5150,41.8818,6.3090,5.8389,0.0000,13.7815,30.3333,0.0000,12.6565,21.2888,26.6771,0.0000,20.7169,5.4444,0.0000,0.0000,12.6816,0.0000,0.0000,0.0000,15.8437,3.7522,0.0000,0.0000,0.0000,13.7170,9.0800,0.0000,2.8654,2.1509,11.2676,14.9590,4.2979,0.0000,3.6540,0.0000,0.0000,0.0000,0.0000,128.3368,0.0000,0.0000,200.0000,0.0000,0.0000,119.0900,4.6600,100.0000,0.0000,0.0000,0.0000,0.0000,0.0000,31.0000,0.0000,0.0000,0.0000,0.0000,0.0000,0.0000,0.0000,0.0000,0.0000,0.0000,0.0000,0.0000,8.2567,0.0000,0.0000,0.0000,0.0000,90.0000,16.3900,0.0000,0.0000,15.7600
55,75EnNDPL2024/09/15,NDPL,0.0000,0.0000,0.0000,0.0000,0.0000,0.0000,0.0000,0.0000,77.9477,0.0000,23.7360,0.0000,0.0000,0.0000,63.6240,0.0000,27.6734,524.7258,39.6687,0.0000,69.6064,0.0000,0.0000,64.5600,0.0000,150.6100,14.5699,0.0000,0.0000,0.0000,0.0000,0.0000,9.3306,0.0000,0.0000,6.3814,14.1138,36.4400,0.0000,34.5150,41.8818,6.3090,5.8389,0.0000,13.7815,30.3333,0.0000,12.6565,21.2888,26.6771,0.0000,20.7169,5.4444,0.0000,0.0000,12.6816,0.0000,0.0000,0.0000,15.8437,3.7522,0.0000,0.0000,0.0000,13.7170,9.0800,0.0000,2.8654,2.1509,11.2676,14.9590,0.9758,0.0000,3.6540,0.0000,0.0000,0.0000,0.0000,128.3368,0.0000,0.0000,200.0000,0.0000,0.0000,113.4500,4.6600,100.0000,0.0000,0.0000,0.0000,0.0000,0.0000,30.8300,0.0000,0.0000,0.0000,0.0000,0.0000,0.0000,0.0000,0.0000,0.0000,0.0000,0.0000,0.0000,8.2567,0.0000,0.0000,0.0000,0.0000,91.0000,16.3900,0.0000,0.0000,15.4900
56,75EnNDPL2024/09/15,NDPL,0.0000,0.0000,0.0000,0.0000,0.0000,0.0000,0.0000,0.0000,77.9477,0.0000,23.7360,0.0000,0.0000,0.0000,63.6240,0.0000,27.6734,524.7258,39.6687,0.0000,69.6064,0.0000,0.0000,64.5600,0.0000,150.6100,14.3999,0.0000,0.0000,0.0000,0.0000,0.0000,9.3306,0.0000,0.0000,6.3814,14.1138,36.4400,0.0000,34.5150,41.8818,6.3090,5.8389,0.0000,13.7815,30.3333,0.0000,12.6565,21.2888,26.6771,0.0000,20.7169,5.4444,0.0000,0.0000,12.6816,0.0000,0.0000,0.0000,15.8437,3.7522,0.0000,0.0000,0.0000,13.7170,9.0800,0.0000,2.8654,2.1509,11.2676,14.9590,0.9758,0.0000,3.6540,0.0000,0.0000,0.0000,0.0000,128.3368,0.0000,0.0000,200.0000,0.0000,0.0000,106.3200,4.6600,100.0000,0.0000,0.0000,0.0000,0.0000,0.0000,30.6700,0.0000,0.0000,0.0000,0.0000,0.0000,0.0000,0.0000,0.0000,0.0000,0.0000,0.0000,0.0000,8.2567,0.0000,0.0000,0.0000,0.0000,91.0000,16.3900,0.0000,0.0000,15.1800
57,75EnNDPL2024/09/15,NDPL,0.0000,0.0000,0.0000,0.0000,0.0000,0.0000,0.0000,0.0000,77.9477,0.0000,23.7360,0.0000,0.0000,0.0000,63.6240,0.0000,27.6734,524.7258,39.6687,0.0000,69.6064,0.0000,0.0000,64.5600,0.0000,150.6100,14.1765,0.0000,0.0000,0.0000,0.0000,0.0000,9.3306,0.0000,0.0000,6.3814,14.1138,36.4400,0.0000,34.5150,41.8818,6.3090,5.8389,0.0000,13.7815,30.3333,0.0000,12.6565,21.2259,26.6771,0.0000,20.7169,5.4444,0.0000,0.0000,12.6816,0.0000,0.0000,0.0000,15.8437,3.7522,0.0000,0.0000,0.0000,13.7170,9.0800,0.0000,3.6825,2.9708,11.2676,14.9590,4.2979,0.0000,3.6540,0.0000,0.0000,0.0000,0.0000,128.3368,0.0000,0.0000,200.0000,0.0000,0.0000,100.6200,4.6600,100.0000,0.0000,0.0000,0.0000,0.0000,0.0000,29.0000,0.0000,0.0000,0.0000,0.0000,0.0000,0.0000,0.0000,0.0000,0.0000,0.0000,0.0000,0.0000,8.2567,0.0000,0.0000,0.0000,0.0000,91.0000,16.3900,0.0000,0.0000,14.9900
58,75EnNDPL2024/09/15,NDPL,0.0000,0.0000,0.0000,0.0000,0.0000,0.0000,0.0000,0.0000,77.9477,0.0000,23.7360,0.0000,0.0000,0.0000,63.6240,0.0000,27.6734,524.7258,39.6687,0.0000,69.6064,0.0000,0.0000,64.5600,0.0000,150.6100,13.9032,0.0000,0.0000,0.0000,0.0000,0.0000,9.3306,0.0000,0.0000,6.3814,14.1138,36.4400,0.0000,34.5150,41.8818,6.3090,5.8389,0.0000,13.7815,30.3333,0.0000,12.6565,21.2259,26.6771,0.0000,20.7169,5.4444,0.0000,0.0000,12.6816,0.0000,0.0000,0.0000,15.8437,3.7522,0.0000,0.0000,0.0000,13.7170,9.0800,0.0000,3.6825,2.9708,11.2676,14.9590,4.2979,0.0000,3.6540,0.0000,0.0000,0.0000,0.0000,128.3368,0.0000,0.0000,200.0000,0.0000,0.0000,96.6500,4.6600,100.0000,0.0000,0.0000,0.0000,0.0000,0.0000,28.5000,0.0000,0.0000,0.0000,0.0000,0.0000,0.0000,0.0000,0.0000,0.0000,0.0000,0.0000,0.0000,8.2567,0.0000,0.0000,0.0000,0.0000,88.0000,16.3900,0.0000,0.0000,14.4800
59,75EnNDPL2024/09/15,NDPL,0.0000,0.0000,0.0000,0.0000,0.0000,0.0000,0.0000,0.0000,77.9477,0.0000,23.7360,0.0000,0.0000,0.0000,63.6240,0.0000,27.6734,524.7258,39.6687,0.0000,69.6064,0.0000,0.0000,64.5600,0.0000,150.6100,13.5799,0.0000,0.0000,0.0000,0.0000,0.0000,9.3306,0.0000,0.0000,6.3814,14.1138,36.4400,0.0000,34.5150,41.8818,6.3090,5.8389,0.0000,13.7815,30.3333,0.0000,12.6565,21.2259,26.6771,0.0000,20.7169,8.1666,0.0000,0.0000,12.6816,0.0000,0.0000,0.0000,15.8437,3.7092,0.0000,0.0000,0.0000,11.5142,9.0800,0.0000,3.6825,2.9708,11.2676,14.9590,4.2979,0.0000,1.9635,0.0000,0.0000,0.0000,0.0000,128.3368,0.0000,0.0000,200.0000,0.0000,0.0000,92.4600,5.8700,100.0000,0.0000,0.0000,0.0000,0.0000,0.0000,29.5000,0.0000,0.0000,0.0000,0.0000,0.0000,0.0000,0.0000,0.0000,0.0000,0.0000,0.0000,0.0000,8.2567,0.0000,0.0000,0.0000,0.0000,87.0000,16.3900,0.0000,0.0000,14.1000
60,75EnNDPL2024/09/15,NDPL,0.0000,0.0000,0.0000,0.0000,0.0000,0.0000,0.0000,0.0000,77.9477,0.0000,23.7360,0.0000,0.0000,0.0000,63.6240,0.0000,27.6734,524.7258,39.6687,0.0000,69.6064,0.0000,0.0000,64.5600,0.0000,150.6100,12.7765,0.0000,0.0000,0.0000,0.0000,0.0000,9.3306,0.0000,0.0000,6.3814,14.1138,36.4400,0.0000,34.5150,41.8818,6.3090,5.8389,0.0000,13.7815,30.3333,0.0000,12.6565,21.2259,26.6771,0.0000,20.7169,8.1666,0.0000,0.0000,12.6816,0.0000,0.0000,0.0000,15.8437,3.7092,0.0000,0.0000,0.0000,11.5142,9.0800,0.0000,3.6825,2.9708,11.2676,14.9590,4.2979,0.0000,1.1812,0.0000,0.0000,0.0000,0.0000,128.3368,0.0000,0.0000,200.0000,0.0000,0.0000,87.7300,5.8700,100.0000,0.0000,0.0000,0.0000,0.0000,0.0000,28.8300,0.0000,0.0000,0.0000,0.0000,0.0000,0.0000,0.0000,0.0000,0.0000,0.0000,0.0000,0.0000,8.2567,0.0000,0.0000,0.0000,0.0000,83.0000,16.3900,0.0000,0.0000,13.4300
61,75EnNDPL2024/09/15,NDPL,0.0000,0.0000,0.0000,0.0000,0.0000,0.0000,0.0000,0.0000,77.9477,0.0000,23.7360,0.0000,0.0000,0.0000,63.6240,0.0000,27.6734,524.7258,39.6687,0.0000,69.6064,0.0000,0.0000,64.5600,0.0000,193.7000,11.8165,0.0000,0.0000,0.0000,0.0000,0.0000,9.3306,0.0000,0.0000,6.3814,14.1138,36.4400,0.0000,34.5150,41.8818,6.3090,5.8389,0.0000,13.7815,30.3333,0.0000,12.6565,21.2259,26.6771,0.0000,20.7169,8.1666,0.0000,0.0000,12.6816,0.0000,0.0000,0.0000,15.8437,3.7092,0.0000,0.0000,0.0000,11.5142,9.0800,0.0000,3.6825,2.9708,11.2676,14.9590,4.2979,0.0000,1.1812,0.0000,0.0000,0.0000,0.0000,128.3368,0.0000,0.0000,200.0000,0.0000,0.0000,82.2900,6.0500,100.0000,0.0000,0.0000,0.0000,0.0000,0.0000,28.1700,0.0000,0.0000,0.0000,0.0000,0.0000,0.0000,0.0000,0.0000,0.0000,0.0000,0.0000,0.0000,8.2567,0.0000,0.0000,0.0000,0.0000,78.0000,16.6700,0.0000,0.0000,12.5000
62,75EnNDPL2024/09/15,NDPL,0.0000,0.0000,0.0000,0.0000,0.0000,0.0000,0.0000,0.0000,77.9477,0.0000,23.7360,0.0000,0.0000,0.0000,63.6240,0.0000,27.6734,524.7258,39.6687,0.0000,69.6064,0.0000,0.0000,64.5600,0.0000,232.4400,10.7499,0.0000,0.0000,0.0000,0.0000,0.0000,9.3306,0.0000,0.0000,6.3814,14.1138,36.4400,0.0000,34.5150,41.8818,6.3090,5.8389,0.0000,13.7815,30.3333,0.0000,12.6565,21.2259,26.6771,0.0000,20.7169,8.1666,0.0000,0.0000,12.6816,0.0000,0.0000,0.0000,15.8437,3.7092,0.0000,0.0000,0.0000,11.5142,9.0800,0.0000,3.6825,2.9708,11.2676,14.9590,4.2979,0.0000,1.1812,2.0003,0.0000,0.0000,0.0000,128.3368,0.0000,0.0000,200.0000,0.0000,0.0000,74.3200,6.0500,100.0000,0.0000,0.0000,0.0000,0.0000,0.0000,27.6700,0.0000,0.0000,0.0000,0.0000,0.0000,0.0000,0.0000,0.0000,0.0000,0.0000,0.0000,0.0000,8.2567,0.0000,0.0000,0.0000,0.0000,72.0000,16.6700,0.0000,0.0000,11.5800
63,75EnNDPL2024/09/15,NDPL,0.0000,0.0000,0.0000,0.0000,0.0000,0.0000,0.0000,0.0000,77.9477,0.0000,23.7360,0.0000,0.0000,0.0000,63.6240,0.0000,27.6734,524.7258,39.6687,0.0000,69.6064,0.0000,0.0000,64.5600,0.0000,273.8400,9.6299,0.0000,0.0000,0.0000,0.0000,0.0000,9.3306,0.0000,0.0000,6.3814,14.1138,36.4400,0.0000,34.5150,41.8818,6.3090,5.8389,0.0000,13.7815,30.3333,0.0000,12.6565,21.2259,26.6771,0.0000,20.7169,8.1666,0.0000,0.0000,12.6816,0.0000,0.0000,0.0000,15.8437,3.8411,0.0000,0.0000,0.0000,12.8703,8.2561,0.0000,3.6825,2.9708,11.2676,14.9590,4.2979,0.0000,3.3411,2.0003,0.0000,0.0000,0.0000,128.3368,0.0000,0.0000,200.0000,0.0000,0.0000,67.3800,6.0500,100.0000,0.0000,0.0000,0.0000,0.0000,0.0000,27.1700,0.0000,0.0000,0.0000,0.0000,0.0000,0.0000,0.0000,0.0000,0.0000,0.0000,0.0000,0.0000,8.2567,0.0000,0.0000,0.0000,0.0000,67.0000,16.6700,0.0000,0.0000,10.6600
64,75EnNDPL2024/09/15,NDPL,0.0000,0.0000,0.0000,0.0000,0.0000,0.0000,0.0000,0.0000,77.9477,0.0000,23.7360,0.0000,0.0000,0.0000,63.6240,0.0000,27.6734,524.7258,30.5170,0.0000,69.6064,0.0000,0.0000,64.5600,0.0000,273.8400,8.4399,0.0000,0.0000,0.0000,0.0000,0.0000,9.3306,0.0000,0.0000,6.3814,14.1138,36.4400,0.0000,34.5150,41.8818,6.3090,5.8389,0.0000,13.7815,30.3333,0.0000,12.6565,21.2259,26.6771,0.0000,20.7169,8.1666,0.0000,0.0000,12.6816,0.0000,0.0000,0.0000,15.8437,3.8411,0.0000,0.0000,0.0000,12.8703,8.2561,0.0000,3.6825,2.9708,11.2676,14.9590,4.2979,0.0000,3.6540,2.0003,0.0000,0.0000,0.0000,128.3368,0.0000,0.0000,200.0000,0.0000,0.0000,61.3100,6.0500,100.0000,0.0000,0.0000,0.0000,0.0000,0.0000,26.8300,0.0000,0.0000,0.0000,0.0000,0.0000,0.0000,0.0000,0.0000,0.0000,0.0000,0.0000,0.0000,8.2567,0.0000,0.0000,0.0000,0.0000,60.0000,16.6700,0.0000,0.0000,9.7400
65,75EnNDPL2024/09/15,NDPL,0.0000,0.0000,0.0000,0.0000,0.0000,0.0000,0.0000,0.0000,77.9477,0.0000,23.7360,0.0000,0.0000,0.0000,63.6240,0.0000,27.6734,524.7258,34.8765,0.0000,69.6064,0.0000,0.0000,64.5600,0.0000,273.8400,7.2099,0.0000,0.0000,0.0000,0.0000,0.0000,9.3306,0.0000,0.0000,6.3814,14.1138,36.4400,0.0000,34.5150,41.8818,6.3090,5.8389,0.0000,13.7815,30.3333,0.0000,12.3352,21.2259,26.6771,0.0000,20.7169,8.1666,0.0000,0.0000,12.6816,0.0000,0.0000,0.0000,15.8437,3.0588,0.0000,0.0000,0.0000,13.5483,8.2561,0.0000,3.6825,2.9708,11.2676,14.9590,4.2979,0.0000,3.6540,2.0003,0.0000,0.0000,0.0000,128.3368,0.0000,0.0000,200.0000,0.0000,0.0000,54.5000,6.3300,100.0000,0.0000,0.0000,0.0000,0.0000,0.0000,26.3300,0.0000,0.0000,0.0000,0.0000,0.0000,0.0000,0.0000,0.0000,0.0000,0.0000,0.0000,0.0000,8.2567,0.0000,0.0000,0.0000,0.0000,53.0000,17.0400,0.0000,0.0000,8.6500
66,75EnNDPL2024/09/15,NDPL,0.0000,0.0000,0.0000,0.0000,0.0000,0.0000,0.0000,0.0000,77.9477,0.0000,23.7360,0.0000,0.0000,0.0000,63.6240,0.0000,27.6734,524.7258,34.8765,0.0000,69.6064,0.0000,0.0000,64.5600,0.0000,273.8400,5.8999,0.0000,0.0000,0.0000,0.0000,0.0000,9.3306,0.0000,0.0000,6.3814,14.1138,36.4400,0.0000,34.5150,41.8818,6.3090,5.8389,0.0000,13.7815,30.3333,0.0000,12.3352,21.2259,26.6771,0.0000,20.7169,8.1666,0.0000,0.0000,12.6816,0.0000,0.0000,0.0000,15.8437,3.0588,0.0000,0.0000,0.0000,13.5483,8.2561,0.0000,3.6825,2.9708,11.2676,14.9590,4.2979,0.0000,3.6540,2.0003,0.0000,0.0000,0.0000,128.3368,0.0000,0.0000,200.0000,0.0000,0.0000,47.0200,6.3300,100.0000,0.0000,0.0000,0.0000,0.0000,0.0000,25.5000,0.0000,0.0000,0.0000,0.0000,0.0000,0.0000,0.0000,0.0000,0.0000,0.0000,0.0000,0.0000,8.2567,0.0000,0.0000,0.0000,0.0000,45.0000,17.0400,0.0000,0.0000,7.7700
67,75EnNDPL2024/09/15,NDPL,0.0000,0.0000,0.0000,0.0000,0.0000,0.0000,0.0000,0.0000,77.9477,0.0000,23.7360,0.0000,0.0000,0.0000,63.6240,0.0000,27.6734,524.7258,34.8765,0.0000,69.6064,0.0000,0.0000,64.5600,0.0000,273.8400,4.7466,0.0000,0.0000,0.0000,0.0000,0.0000,9.3306,0.0000,0.0000,6.3814,14.1138,36.4400,0.0000,34.5150,41.8818,6.3090,5.8389,0.0000,13.7815,30.3333,0.0000,12.3352,21.2259,26.6771,0.0000,20.7169,8.1666,0.0000,0.0000,12.6816,0.0000,0.0000,0.0000,15.8437,3.0588,0.0000,0.0000,0.0000,13.5483,9.0800,0.0000,3.6825,2.9708,11.2676,14.9590,4.2979,0.0000,3.6540,2.0003,0.0000,0.0000,0.0000,128.3368,0.0000,0.0000,200.0000,0.0000,0.0000,39.2100,6.3300,100.0000,0.0000,0.0000,0.0000,0.0000,0.0000,22.1700,0.0000,0.0000,0.0000,0.0000,0.0000,0.0000,0.0000,0.0000,0.0000,0.0000,0.0000,0.0000,8.2567,0.0000,0.0000,0.0000,0.0000,38.0000,17.0400,0.0000,0.0000,6.8600
68,75EnNDPL2024/09/15,NDPL,0.0000,0.0000,0.0000,0.0000,0.0000,0.0000,0.0000,0.0000,77.9477,0.0000,23.7360,0.0000,0.0000,0.0000,63.6240,0.0000,27.6734,524.7258,34.8765,0.0000,69.6064,0.0000,0.0000,64.5600,0.0000,273.8400,3.6033,0.0000,0.0000,0.0000,0.0000,0.0000,9.3306,0.0000,0.0000,6.3814,14.1138,36.4400,0.0000,34.5150,41.8818,6.3090,5.8389,0.0000,13.7815,30.3333,0.0000,12.3352,21.2259,26.6771,0.0000,20.7169,8.1666,1.5937,0.0000,12.6816,0.0000,0.0000,0.0000,15.8437,3.0588,0.0000,0.0000,0.0000,13.5483,9.0800,0.0000,3.6825,2.9708,11.2676,14.9590,4.2979,0.0000,3.6540,2.0003,0.0000,0.0000,0.0000,128.3368,0.0000,0.0000,200.0000,0.0000,0.0000,30.8600,6.3300,100.0000,0.0000,0.0000,0.0000,0.0000,0.0000,22.0000,0.0000,0.0000,0.0000,0.0000,0.0000,0.0000,0.0000,0.0000,0.0000,0.0000,0.0000,0.0000,8.2567,0.0000,0.0000,0.0000,0.0000,30.0000,17.0400,0.0000,0.0000,5.8400
69,75EnNDPL2024/09/15,NDPL,0.0000,0.0000,0.0000,0.0000,0.0000,0.0000,0.0000,0.0000,77.9477,0.0000,23.7360,0.0000,0.0000,0.0000,63.6240,0.0000,27.6734,524.7258,34.8765,0.0000,69.6064,0.0000,0.0000,64.5600,0.0000,273.8400,2.8233,0.0000,0.0000,0.0000,0.0000,0.0000,9.3306,0.0000,0.0000,6.3814,14.1138,36.4400,0.0000,34.5150,41.8818,6.3090,5.8389,0.0000,13.7815,30.3333,0.0000,12.3352,21.2259,26.6771,0.0000,20.7169,10.8888,1.6160,0.0000,12.6816,0.0000,0.0000,0.0000,15.8437,3.0588,0.0000,0.0000,0.0000,13.5483,9.0800,0.0000,3.6825,2.9708,11.2676,14.9590,0.9758,0.0000,3.6540,2.0003,0.0000,0.0000,0.0000,128.3368,0.0000,0.0000,200.0000,0.0000,0.0000,22.4600,6.6100,100.0000,0.0000,0.0000,0.0000,0.0000,0.0000,21.5000,0.0000,0.0000,0.0000,0.0000,0.0000,0.0000,0.0000,0.0000,0.0000,0.0000,0.0000,0.0000,8.2567,0.0000,0.0000,0.0000,0.0000,24.0000,17.3200,0.0000,0.0000,4.8500
70,75EnNDPL2024/09/15,NDPL,0.0000,0.0000,0.0000,0.0000,0.0000,0.0000,0.0000,0.0000,77.9477,0.0000,23.7360,0.0000,0.0000,0.0000,63.6240,0.0000,27.6734,524.7258,34.8765,0.0000,69.6064,0.0000,0.0000,64.5600,0.0000,273.8400,1.9166,0.0000,0.0000,0.0000,0.0000,0.0000,9.3306,0.0000,0.0000,6.3814,14.1138,36.4400,0.0000,34.5150,41.8818,6.3090,5.8389,0.0000,13.7815,30.3333,0.0000,12.3352,21.2259,26.6771,0.0000,20.7169,10.8888,3.2320,0.0000,12.6816,0.0000,0.0000,0.0000,15.8437,3.0220,0.0000,0.0000,0.0000,13.5483,9.0800,0.0000,3.6825,2.9708,11.2676,14.9590,0.9758,0.0000,3.6540,2.0003,0.0000,0.0000,0.0000,128.3368,0.0000,0.0000,200.0000,0.0000,0.0000,14.9000,6.6100,100.0000,0.0000,0.0000,0.0000,0.0000,0.0000,20.8300,0.0000,0.0000,0.0000,0.0000,0.0000,0.0000,0.0000,0.0000,0.0000,0.0000,0.0000,0.0000,8.2567,0.0000,0.0000,0.0000,0.0000,18.0000,17.3200,0.0000,0.0000,3.9600
71,75EnNDPL2024/09/15,NDPL,0.0000,0.0000,0.0000,0.0000,0.0000,0.0000,0.0000,0.0000,77.9477,0.0000,23.7360,0.0000,0.0000,0.0000,63.6240,0.0000,27.6734,524.7258,34.8765,0.0000,69.6064,0.0000,0.0000,64.5600,0.0000,273.8400,1.2500,0.0000,0.0000,0.0000,0.0000,0.0000,9.3306,0.0000,0.0000,6.3814,14.1138,36.4400,0.0000,34.5150,41.8818,6.3090,5.8389,0.0000,13.7815,30.3333,0.0000,12.3352,21.2259,26.6771,0.0000,20.7169,10.8888,3.2320,0.0000,12.6816,0.0000,0.0000,0.0000,15.8437,2.9514,0.0000,0.0000,0.0000,13.5483,7.4294,4.1203,3.6825,2.9708,11.2676,14.9590,0.9758,0.0000,3.6540,2.0003,0.0000,0.0000,0.0000,128.3368,0.0000,0.0000,200.0000,0.0000,0.0000,9.2000,6.6100,100.0000,0.0000,0.0000,0.0000,0.0000,0.0000,20.3300,0.0000,0.0000,0.0000,0.0000,0.0000,0.0000,0.0000,0.0000,0.0000,0.0000,0.0000,0.0000,8.2567,0.0000,0.0000,0.0000,0.0000,14.0000,17.3200,0.0000,0.0000,3.0200
72,75EnNDPL2024/09/15,NDPL,0.0000,0.0000,0.0000,0.0000,0.0000,0.0000,0.0000,0.0000,77.9477,0.0000,23.7360,0.0000,0.0000,0.0000,63.6240,0.0000,27.6734,524.7258,34.8765,0.0000,69.6064,0.0000,0.0000,64.5600,0.0000,273.8400,0.7167,0.0000,0.0000,0.0000,0.0000,0.0000,9.3306,0.0000,0.0000,6.3814,14.1138,36.4400,0.0000,34.5150,41.8818,6.3090,5.8389,0.0000,13.7815,30.3333,0.0000,12.3352,21.2259,26.6771,0.0000,20.7169,10.8888,3.2320,0.0000,12.6816,0.0000,0.0000,0.0000,15.8437,2.7949,0.0000,0.0000,0.0000,13.5483,7.4294,4.3105,3.6825,5.9387,11.2676,14.9590,0.9758,0.0000,3.6540,2.0003,0.0000,0.0000,0.0000,128.3368,0.0000,0.0000,200.0000,0.0000,0.0000,5.6100,6.6100,100.0000,0.0000,0.0000,0.0000,0.0000,0.0000,19.8300,0.0000,0.0000,0.0000,0.0000,0.0000,0.0000,0.0000,0.0000,0.0000,0.0000,0.0000,0.0000,8.2567,0.0000,0.0000,0.0000,0.0000,11.0000,17.3200,0.0000,0.0000,2.1800
73,75EnNDPL2024/09/15,NDPL,0.0000,0.0000,0.0000,0.0000,0.0000,0.0000,0.0000,0.0000,77.9477,0.0000,23.7360,0.0000,0.0000,0.0000,63.6240,0.0000,27.6734,524.7258,34.8765,0.0000,69.6064,0.0000,0.0000,64.5600,0.0000,273.8400,0.3233,0.0000,0.0000,0.0000,0.0000,0.0000,9.3306,0.0000,0.0000,6.3814,14.1138,36.4400,0.0000,34.5150,41.8818,6.3090,5.8389,0.0000,13.7815,30.3333,0.0000,12.4958,21.2259,26.6771,0.0000,20.7169,10.8888,4.8480,0.0000,12.6816,0.0000,0.0000,0.0000,15.8437,2.7796,0.0000,0.0000,0.0000,13.5483,7.4294,8.6211,7.7708,5.9387,11.2676,14.9590,3.1247,0.0000,3.6540,2.0003,0.0000,0.0000,0.0000,130.5120,0.0000,0.0000,200.0000,0.0000,0.0000,3.0300,6.9800,100.0000,0.0000,0.0000,0.0000,0.0000,0.0000,16.6700,0.0000,0.0000,0.0000,0.0000,0.0000,0.0000,0.0000,0.0000,0.0000,0.0000,0.0000,0.0000,8.2567,0.0000,0.0000,0.0000,0.0000,7.0000,17.7700,0.0000,0.0000,1.6600
74,75EnNDPL2024/09/15,NDPL,0.0000,0.0000,0.0000,0.0000,0.0000,0.0000,0.0000,0.0000,77.9477,0.0000,23.7360,0.0000,0.0000,0.0000,63.6240,0.0000,27.6734,524.7258,46.9384,0.0000,69.6064,0.0000,0.0000,64.5600,0.0000,273.8400,0.1100,0.0000,0.0000,0.0000,0.0000,0.0000,9.3306,0.0000,0.0000,6.3814,14.1138,36.4400,0.0000,34.5150,41.8818,6.3090,5.8389,0.0000,13.7815,30.3333,0.0000,12.4958,21.2259,26.6771,0.0000,20.7169,10.8888,4.8480,0.0000,12.6816,0.0000,0.0000,0.0000,15.8437,2.7796,0.0000,0.0000,0.0000,13.5483,7.4294,12.9316,7.7708,8.9150,11.2676,14.9590,15.0426,0.0000,3.6540,2.0003,0.0000,0.0000,0.0000,130.5120,0.0000,0.0000,200.0000,0.0000,0.0000,0.7400,6.9800,100.0000,0.0000,0.0000,0.0000,0.0000,0.0000,16.5000,0.0000,0.0000,0.0000,0.0000,0.0000,0.0000,0.0000,0.0000,0.0000,0.0000,0.0000,0.0000,8.2567,0.0000,0.0000,0.0000,0.0000,3.0000,17.7700,0.0000,0.0000,1.1800
75,75EnNDPL2024/09/15,NDPL,0.0000,0.0000,0.0000,0.0000,0.0000,0.0000,0.0000,0.0000,77.9477,0.0000,23.7360,0.0000,0.0000,0.0000,63.6240,0.0000,27.6734,524.7258,47.3766,0.0000,69.6064,0.0000,0.0000,70.5900,0.0000,273.8400,0.0000,0.0000,0.0000,0.0000,0.0000,0.0000,9.3306,0.0000,0.0000,6.3814,14.1138,36.4400,0.0000,34.5150,41.8818,6.3090,5.8389,0.0000,13.7815,30.3333,0.0000,12.4958,21.2259,26.6771,0.0000,20.7169,12.1005,4.8480,0.0000,12.6816,0.0000,0.0000,0.0000,15.8437,2.7796,0.0000,0.0000,0.0000,13.5483,9.0800,12.9316,12.5172,9.3763,11.5520,15.3177,15.0426,0.0000,3.6540,6.0010,0.0000,0.0000,0.0000,130.5120,0.0000,0.0000,200.0000,0.0000,0.0000,200.0000,6.9800,100.0000,0.0000,0.0000,0.0000,0.0000,0.0000,15.8300,0.0000,0.0000,0.0000,0.0000,0.0000,0.0000,0.0000,0.0000,0.0000,0.0000,0.0000,0.0000,8.2567,0.0000,0.0000,0.0000,0.0000,1.0000,17.7700,0.0000,0.0000,0.6000
76,75EnNDPL2024/09/15,NDPL,0.0000,0.0000,0.0000,0.0000,0.0000,0.0000,0.0000,0.0000,77.9477,0.0000,23.7360,0.0000,0.0000,0.0000,63.6240,0.0000,27.6734,524.7258,47.3766,0.0000,69.6064,0.0000,0.0000,70.5900,0.0000,273.8400,0.0000,0.0000,0.0000,0.0000,0.0000,0.0000,9.3306,0.0000,0.0000,6.3814,14.1138,36.4400,0.0000,34.5150,41.8818,6.3090,5.8389,0.0000,13.7815,30.3333,0.0000,12.5912,21.2259,26.6771,0.0000,20.7169,12.1005,4.8480,0.0000,12.6816,0.0000,0.0000,0.0000,15.8437,2.7796,0.0000,0.0000,0.0000,13.5483,9.0800,12.9316,12.5172,9.3763,11.5520,15.3177,15.0426,0.0000,3.6540,6.0010,0.0000,0.0000,0.0000,130.5120,0.0000,0.0000,200.0000,0.0000,0.0000,200.0000,6.9800,100.0000,0.0000,0.0000,0.0000,0.0000,0.0000,15.0000,0.0000,0.0000,0.0000,0.0000,0.0000,0.0000,0.0000,0.0000,0.0000,0.0000,0.0000,0.0000,8.2567,0.0000,0.0000,0.0000,0.0000,200.0000,17.7700,0.0000,0.0000,0.2200
77,75EnNDPL2024/09/15,NDPL,0.0000,0.0000,0.0000,0.0000,0.0000,0.0000,0.0000,0.0000,77.9477,0.0000,23.7360,0.0000,0.0000,0.0000,63.6240,0.0000,27.6734,524.7258,47.3766,0.0000,69.6064,0.0000,0.0000,70.5900,0.0000,273.8400,0.0000,0.0000,0.0000,0.0000,0.0000,0.0000,9.3306,0.0000,0.0000,6.3814,14.1138,36.4400,0.0000,34.5150,41.8818,6.3090,5.4491,0.0000,13.7815,30.3333,0.0000,12.6565,21.2259,26.6771,0.0000,20.7169,12.1005,4.8480,0.0000,12.6816,0.0000,0.0000,0.0000,15.8437,2.6508,0.0000,0.0000,0.0000,13.5483,7.4294,12.9316,12.5172,9.3763,11.5520,15.3177,15.0426,0.0000,3.6540,6.0010,0.0000,0.0000,0.0000,130.5120,0.0000,0.0000,200.0000,0.0000,0.0000,200.0000,6.9800,100.0000,0.0000,0.0000,0.0000,0.0000,0.0000,14.6700,0.0000,0.0000,0.0000,0.0000,0.0000,0.0000,0.0000,0.0000,0.0000,0.0000,0.0000,0.0000,8.2567,0.0000,0.0000,0.0000,0.0000,200.0000,18.2300,0.0000,0.0000,100.0000
78,75EnNDPL2024/09/15,NDPL,0.0000,0.0000,0.0000,0.0000,0.0000,0.0000,0.0000,0.0000,77.9477,0.0000,23.7360,0.0000,0.0000,0.0000,63.6240,0.0000,27.6734,524.7258,47.3766,0.0000,69.6064,0.0000,0.0000,70.5900,0.0000,273.8400,0.0000,0.0000,0.0000,0.0000,0.0000,0.0000,9.3306,0.0000,0.0000,6.3814,14.1138,36.4400,0.0000,34.5150,41.8818,6.3090,5.4491,0.0000,13.7815,30.3333,0.0000,12.6565,21.2259,26.6771,0.0000,20.7169,12.1005,4.8480,0.0000,12.6816,0.0000,0.0000,0.0000,15.8437,2.7612,0.0000,0.0000,0.0000,13.5483,7.4294,12.9316,12.5172,9.3763,11.5520,15.3177,15.0426,0.0000,3.6540,6.0010,0.0000,0.0000,0.0000,130.5120,0.0000,0.0000,200.0000,0.0000,0.0000,200.0000,6.9800,100.0000,0.0000,0.0000,0.0000,0.0000,0.0000,14.3300,0.0000,0.0000,0.0000,0.0000,0.0000,0.0000,0.0000,0.0000,0.0000,0.0000,0.0000,0.0000,8.2567,0.0000,0.0000,0.0000,0.0000,200.0000,18.2300,0.0000,0.0000,100.0000
79,75EnNDPL2024/09/15,NDPL,0.0000,0.0000,0.0000,0.0000,0.0000,0.0000,0.0000,0.0000,77.9477,0.0000,23.7360,0.0000,0.0000,0.0000,63.6240,0.0000,27.6734,524.7258,47.3766,0.0000,69.6064,0.0000,0.0000,70.5900,0.0000,273.8400,0.0000,0.0000,0.0000,0.0000,0.0000,0.0000,9.3306,0.0000,0.0000,6.3814,14.1138,36.4400,0.0000,34.5150,41.8818,6.3090,5.4491,0.0000,13.7815,30.3333,0.0000,12.6565,21.2259,26.6771,0.0000,20.7169,12.1005,4.8480,0.0000,12.6816,0.0000,0.0000,0.0000,15.8437,2.6170,0.0000,0.0000,0.0000,13.5483,7.4294,12.9316,12.5172,9.3763,11.5520,15.3177,15.0426,0.0000,3.6540,6.0010,0.0000,0.0000,0.0000,130.5120,0.0000,0.0000,200.0000,0.0000,0.0000,200.0000,6.9800,100.0000,0.0000,0.0000,0.0000,0.0000,0.0000,13.8300,0.0000,0.0000,0.0000,0.0000,0.0000,0.0000,0.0000,0.0000,0.0000,0.0000,0.0000,0.0000,8.2567,0.0000,0.0000,0.0000,0.0000,200.0000,18.2300,0.0000,0.0000,100.0000
80,75EnNDPL2024/09/15,NDPL,0.0000,0.0000,0.0000,0.0000,0.0000,0.0000,0.0000,0.0000,77.9477,0.0000,23.7360,0.0000,0.0000,0.0000,63.6240,0.0000,27.6734,524.7258,47.3766,0.0000,69.6064,0.0000,0.0000,70.5900,0.0000,273.8400,0.0000,0.0000,0.0000,0.0000,0.0000,0.0000,9.3306,0.0000,0.0000,6.3814,14.1138,36.4400,0.0000,34.5150,41.8818,6.3090,5.4491,0.0000,13.7815,30.3333,0.0000,12.6565,21.2259,26.6771,0.0000,20.7169,12.1005,4.8480,0.0000,12.6816,0.0000,0.0000,0.0000,15.8437,2.6323,0.0000,0.0000,0.0000,13.5483,7.4294,12.9316,12.5172,9.3763,11.5520,15.3177,5.8602,0.0000,3.6540,6.0010,0.0000,0.0000,0.0000,130.5120,0.0000,0.0000,200.0000,0.0000,0.0000,200.0000,6.9800,100.0000,0.0000,0.0000,0.0000,0.0000,0.0000,13.1700,0.0000,0.0000,0.0000,0.0000,0.0000,0.0000,0.0000,0.0000,0.0000,0.0000,0.0000,0.0000,8.2567,0.0000,0.0000,0.0000,0.0000,200.0000,18.2300,0.0000,0.0000,100.0000
81,75EnNDPL2024/09/15,NDPL,0.0000,0.0000,0.0000,0.0000,0.0000,0.0000,0.0000,0.0000,77.9477,0.0000,23.7360,0.0000,0.0000,0.0000,63.6240,0.0000,27.6734,524.7258,47.3766,0.0000,69.6064,0.0000,0.0000,70.5900,0.0000,273.8400,0.0000,0.0000,0.0000,0.0000,0.0000,0.0000,9.3306,0.0000,0.0000,6.3814,14.1138,36.4400,0.0000,34.5150,41.8818,6.3090,5.4491,0.0000,13.7815,30.3333,0.0000,12.6565,21.2259,26.6771,0.0000,20.7169,12.1005,4.8480,0.0000,12.6816,0.0000,0.0000,0.0000,15.8437,2.6508,0.0000,0.0000,0.0000,13.5483,7.4294,12.9316,12.5172,9.3763,11.5520,15.3177,1.0953,0.0000,3.6540,6.0010,0.0000,0.0000,0.0000,130.5120,0.0000,0.0000,200.0000,0.0000,0.0000,200.0000,6.7000,100.0000,0.0000,0.0000,0.0000,0.0000,0.0000,12.8300,0.0000,0.0000,0.0000,0.0000,0.0000,0.0000,0.0000,0.0000,0.0000,0.0000,0.0000,0.0000,8.2567,0.0000,0.0000,0.0000,0.0000,200.0000,18.7000,0.0000,0.0000,100.0000
82,75EnNDPL2024/09/15,NDPL,0.0000,0.0000,0.0000,0.0000,0.0000,0.0000,0.0000,0.0000,77.9477,0.0000,23.7360,0.0000,0.0000,0.0000,63.6240,0.0000,27.6734,524.7258,47.3766,0.0000,69.6064,0.0000,0.0000,70.5900,0.0000,273.8400,0.0000,0.0000,0.0000,0.0000,0.0000,0.0000,9.3306,0.0000,0.0000,6.3814,14.1138,36.4400,0.0000,34.5150,41.8818,6.3090,5.4491,0.0000,13.7815,30.3333,0.0000,12.6565,21.2259,26.6771,0.0000,20.7169,12.1005,4.8480,0.0000,12.6816,0.0000,0.0000,0.0000,15.8437,2.6692,0.0000,0.0000,0.0000,13.5483,7.4294,12.9316,12.5172,9.3763,11.5520,15.3177,1.0953,0.0000,3.6540,6.0010,0.0000,0.0000,0.0000,130.5120,0.0000,0.0000,200.0000,0.0000,0.0000,200.0000,6.7000,100.0000,0.0000,0.0000,0.0000,0.0000,0.0000,12.0000,0.0000,0.0000,0.0000,0.0000,0.0000,0.0000,0.0000,0.0000,0.0000,0.0000,0.0000,0.0000,8.2567,0.0000,0.0000,0.0000,0.0000,200.0000,18.7000,0.0000,0.0000,100.0000
83,75EnNDPL2024/09/15,NDPL,0.0000,0.0000,0.0000,0.0000,0.0000,0.0000,0.0000,0.0000,77.9477,0.0000,23.7360,0.0000,0.0000,0.0000,63.6240,0.0000,27.6734,524.7258,46.9384,0.0000,69.6064,0.0000,0.0000,70.5900,0.0000,273.8400,0.0000,0.0000,0.0000,0.0000,0.0000,0.0000,9.3306,0.0000,0.0000,6.3814,14.1138,36.4400,0.0000,34.5150,41.8818,6.3090,5.4491,0.0000,13.7815,30.3333,0.0000,12.6565,21.2259,26.6771,0.0000,20.7169,10.8888,4.4991,0.0000,12.6816,0.0000,0.0000,0.0000,15.8437,2.7121,0.0000,0.0000,0.0000,13.5483,9.0800,12.9316,12.1251,8.9150,11.2676,14.9590,4.2979,0.0000,3.6540,0.3375,0.0000,0.0000,0.0000,130.5120,0.0000,0.0000,200.0000,0.0000,0.0000,200.0000,6.7000,100.0000,0.0000,0.0000,0.0000,0.0000,0.0000,10.0000,0.0000,0.0000,0.0000,0.0000,0.0000,0.0000,0.0000,0.0000,0.0000,0.0000,0.0000,0.0000,8.2567,0.0000,0.0000,0.0000,0.0000,200.0000,18.7000,0.0000,0.0000,100.0000
84,75EnNDPL2024/09/15,NDPL,0.0000,0.0000,0.0000,0.0000,0.0000,0.0000,0.0000,0.0000,77.9477,0.0000,23.7360,0.0000,0.0000,0.0000,63.6240,0.0000,27.6734,524.7258,46.9384,0.0000,69.6064,0.0000,0.0000,70.5900,0.0000,273.8400,0.0000,0.0000,0.0000,0.0000,0.0000,0.0000,9.3306,0.0000,0.0000,6.3814,14.1138,36.4400,0.0000,34.5150,41.8818,6.3090,5.4491,0.0000,13.7815,30.3333,0.0000,12.6565,21.2259,26.6771,0.0000,20.7169,10.8888,4.4991,0.0000,12.6816,0.0000,0.0000,0.0000,15.8437,2.7489,0.0000,0.0000,0.0000,13.5483,9.0800,12.9316,12.1251,8.9150,11.2676,14.9590,4.2979,0.0000,3.6540,0.3375,0.0000,0.0000,0.0000,130.5120,0.0000,0.0000,200.0000,0.0000,0.0000,200.0000,6.7000,100.0000,0.0000,0.0000,0.0000,0.0000,0.0000,9.8300,0.0000,0.0000,0.0000,0.0000,0.0000,0.0000,0.0000,0.0000,0.0000,0.0000,0.0000,0.0000,8.2567,0.0000,0.0000,0.0000,0.0000,200.0000,18.7000,0.0000,0.0000,100.0000
85,75EnNDPL2024/09/15,NDPL,0.0000,0.0000,0.0000,0.0000,0.0000,0.0000,0.0000,0.0000,77.9477,0.0000,23.7360,0.0000,0.0000,0.0000,63.6240,0.0000,27.6734,524.7258,46.9384,0.0000,69.6064,0.0000,0.0000,70.5900,0.0000,273.8400,0.0000,0.0000,0.0000,0.0000,0.0000,0.0000,9.3306,0.0000,0.0000,6.3814,14.1138,36.4400,0.0000,34.5150,41.8818,6.3090,5.4491,0.0000,13.7815,30.3333,0.0000,12.6565,21.2259,26.6771,0.0000,20.7169,10.8888,4.4991,0.0000,12.6816,0.0000,0.0000,0.0000,15.8437,2.7704,0.0000,0.0000,0.0000,13.5483,9.0800,12.9316,12.1251,8.9150,11.2676,14.9590,4.2979,0.0000,3.6540,0.3375,0.0000,0.0000,0.0000,130.5120,0.0000,0.0000,200.0000,0.0000,0.0000,200.0000,6.4300,100.0000,0.0000,0.0000,0.0000,0.0000,0.0000,10.0000,0.0000,0.0000,0.0000,0.0000,0.0000,0.0000,0.0000,0.0000,0.0000,0.0000,0.0000,0.0000,8.2567,0.0000,0.0000,0.0000,0.0000,200.0000,18.7000,0.0000,0.0000,100.0000
86,75EnNDPL2024/09/15,NDPL,0.0000,0.0000,0.0000,0.0000,0.0000,0.0000,0.0000,0.0000,77.9477,0.0000,23.7360,0.0000,0.0000,0.0000,63.6240,0.0000,27.6734,524.7258,46.9384,0.0000,69.6064,0.0000,0.0000,70.5900,0.0000,273.8400,0.0000,0.0000,0.0000,0.0000,0.0000,0.0000,9.3306,0.0000,0.0000,6.3814,14.1138,36.4400,0.0000,34.5150,41.8818,6.3090,5.4491,0.0000,13.7815,30.3333,0.0000,12.6565,21.2259,26.6771,0.0000,20.7169,10.8888,4.4991,0.0000,12.6816,0.0000,0.0000,0.0000,15.8437,2.7796,0.0000,0.0000,0.0000,13.5483,9.0800,12.9316,12.1251,8.9150,11.2676,14.9590,4.2979,0.0000,3.6540,0.3375,0.0000,0.0000,0.0000,130.5120,0.0000,0.0000,200.0000,0.0000,0.0000,200.0000,6.4300,100.0000,0.0000,0.0000,0.0000,0.0000,0.0000,10.0000,0.0000,0.0000,0.0000,0.0000,0.0000,0.0000,0.0000,0.0000,0.0000,0.0000,0.0000,0.0000,8.2567,0.0000,0.0000,0.0000,0.0000,200.0000,18.7000,0.0000,0.0000,100.0000
87,75EnNDPL2024/09/15,NDPL,0.0000,0.0000,0.0000,0.0000,0.0000,0.0000,0.0000,0.0000,77.9477,0.0000,23.7360,0.0000,0.0000,0.0000,63.6240,0.0000,27.6734,524.7258,46.9384,0.0000,69.6064,0.0000,0.0000,70.5900,0.0000,273.8400,0.0000,0.0000,0.0000,0.0000,0.0000,0.0000,9.3306,0.0000,0.0000,6.3814,14.1138,36.4400,0.0000,34.5150,41.8818,6.3090,5.4491,0.0000,13.7815,30.3333,0.0000,12.6565,21.2259,26.6771,0.0000,20.7169,10.8888,4.8284,0.0000,12.6816,0.0000,0.0000,0.0000,15.8437,3.0373,0.0000,0.0000,0.0000,13.0390,9.0800,12.9316,12.1251,8.9150,11.2676,14.9590,4.8817,0.0000,3.6540,0.3375,0.0000,0.0000,0.0000,130.5120,0.0000,0.0000,200.0000,0.0000,0.0000,200.0000,6.4300,100.0000,0.0000,0.0000,0.0000,0.0000,0.0000,10.3300,0.0000,0.0000,0.0000,0.0000,0.0000,0.0000,0.0000,0.0000,0.0000,0.0000,0.0000,0.0000,8.2567,0.0000,0.0000,0.0000,0.0000,200.0000,18.7000,0.0000,0.0000,100.0000
88,75EnNDPL2024/09/15,NDPL,0.0000,0.0000,0.0000,0.0000,0.0000,0.0000,0.0000,0.0000,77.9477,0.0000,23.7360,0.0000,0.0000,0.0000,63.6240,0.0000,27.6734,524.7258,46.9384,0.0000,69.6064,0.0000,0.0000,70.5900,0.0000,273.8400,0.0000,0.0000,0.0000,0.0000,0.0000,0.0000,9.3306,0.0000,0.0000,6.3814,14.1138,36.4400,0.0000,34.5150,41.8818,6.3090,5.4491,0.0000,13.7815,30.3333,0.0000,12.6565,21.2259,26.6771,0.0000,20.7169,10.8888,4.8480,0.0000,12.6816,0.0000,0.0000,0.0000,15.8437,3.0312,0.0000,0.0000,0.0000,13.0390,9.0800,12.9316,12.1251,8.9150,11.2676,14.9590,4.8817,0.0000,3.6540,0.6750,0.0000,0.0000,0.0000,130.5120,0.0000,0.0000,200.0000,0.0000,0.0000,200.0000,6.4300,100.0000,0.0000,0.0000,0.0000,0.0000,0.0000,10.5000,0.0000,0.0000,0.0000,0.0000,0.0000,0.0000,0.0000,0.0000,0.0000,0.0000,0.0000,0.0000,8.2567,0.0000,0.0000,0.0000,0.0000,200.0000,18.7000,0.0000,0.0000,100.0000
89,75EnNDPL2024/09/15,NDPL,0.0000,0.0000,0.0000,0.0000,0.0000,0.0000,0.0000,0.0000,77.9477,0.0000,23.7360,0.0000,0.0000,0.0000,63.6240,0.0000,27.6734,524.7258,47.3766,0.0000,69.6064,0.0000,0.0000,70.5900,0.0000,273.8400,0.0000,0.0000,0.0000,0.0000,0.0000,0.0000,9.3306,0.0000,0.0000,6.3814,14.1138,36.4400,0.0000,34.5150,41.8818,6.3090,5.8389,0.0000,13.7815,30.3333,0.0000,12.8172,21.2259,26.6771,0.0000,20.7169,12.1005,4.8480,0.0000,12.6816,0.0000,0.0000,0.0000,15.8437,3.0680,0.0000,0.0000,0.0000,12.8703,8.2561,12.9316,12.5172,9.3763,11.5520,15.3177,4.8817,0.0000,3.6540,6.0010,0.0000,0.0000,0.0000,130.5120,0.0000,0.0000,200.0000,0.0000,0.0000,200.0000,6.1500,100.0000,0.0000,0.0000,0.0000,0.0000,0.0000,10.6700,0.0000,0.0000,0.0000,0.0000,0.0000,0.0000,0.0000,0.0000,0.0000,0.0000,0.0000,0.0000,8.2567,0.0000,0.0000,0.0000,0.0000,200.0000,18.9800,0.0000,0.0000,100.0000
90,75EnNDPL2024/09/15,NDPL,0.0000,0.0000,0.0000,0.0000,0.0000,0.0000,0.0000,0.0000,77.9477,0.0000,23.7360,0.0000,0.0000,0.0000,63.6240,0.0000,27.6734,524.7258,47.3766,0.0000,69.6064,0.0000,0.0000,70.5900,0.0000,273.8400,0.0000,0.0000,0.0000,0.0000,0.0000,0.0000,9.3306,0.0000,0.0000,6.3814,14.1138,36.4400,0.0000,34.5150,41.8818,6.3090,5.8389,0.0000,13.7815,30.3333,0.0000,12.8172,21.2259,27.0536,0.0000,20.7169,12.1005,4.8480,0.0000,12.6816,0.0000,0.0000,0.0000,15.8437,3.1110,0.0000,0.0000,0.0000,12.8703,8.2561,12.9316,12.5172,9.3763,11.5520,15.3177,4.8817,0.0000,3.6540,6.0010,0.0000,0.0000,0.0000,130.5120,0.0000,0.0000,200.0000,0.0000,0.0000,200.0000,6.1500,100.0000,0.0000,0.0000,0.0000,0.0000,0.0000,10.8300,0.0000,0.0000,0.0000,0.0000,0.0000,0.0000,0.0000,0.0000,0.0000,0.0000,0.0000,0.0000,8.2567,0.0000,0.0000,0.0000,0.0000,200.0000,18.9800,0.0000,0.0000,100.0000
91,75EnNDPL2024/09/15,NDPL,0.0000,0.0000,0.0000,0.0000,0.0000,0.0000,0.0000,0.0000,77.9477,0.0000,23.7360,0.0000,0.0000,0.0000,63.6240,0.0000,27.6734,524.7258,47.3766,0.0000,69.6064,0.0000,0.0000,70.5900,0.0000,273.8400,0.0000,0.0000,0.0000,0.0000,0.0000,0.0000,9.3306,0.0000,0.0000,6.3814,14.1138,36.4400,0.0000,34.5150,41.8818,6.3090,5.8389,0.0000,13.7815,30.3333,0.0000,12.8172,21.2259,27.0536,0.0000,20.7169,12.1005,4.8480,0.0000,12.6816,0.0000,0.0000,0.0000,15.8437,3.1386,0.0000,0.0000,0.0000,12.8703,7.4294,12.9316,12.5172,9.3763,11.5520,15.3177,4.8817,0.0000,3.6540,6.0010,0.0000,0.0000,0.0000,130.5120,0.0000,0.0000,200.0000,0.0000,0.0000,200.0000,6.1500,100.0000,0.0000,0.0000,0.0000,0.0000,0.0000,10.8300,0.0000,0.0000,0.0000,0.0000,0.0000,0.0000,0.0000,0.0000,0.0000,0.0000,0.0000,0.0000,8.2567,0.0000,0.0000,0.0000,0.0000,200.0000,18.9800,0.0000,0.0000,100.0000
92,75EnNDPL2024/09/15,NDPL,0.0000,0.0000,0.0000,0.0000,0.0000,0.0000,0.0000,0.0000,77.9477,0.0000,23.7360,0.0000,0.0000,0.0000,63.6240,0.0000,27.6734,524.7258,47.3766,0.0000,69.6064,0.0000,0.0000,70.5900,0.0000,273.8400,0.0000,0.0000,0.0000,0.0000,0.0000,0.0000,9.3306,0.0000,0.0000,6.3814,14.1138,36.4400,0.0000,34.5150,41.8818,6.3090,5.8389,0.0000,13.7815,30.3333,0.0000,12.8172,21.2259,27.0536,0.0000,20.7169,12.1005,4.8480,0.0000,12.6816,0.0000,0.0000,0.0000,15.8437,3.1570,0.0000,0.0000,0.0000,12.8703,7.4294,12.9316,12.5172,9.3763,11.5520,15.3177,4.8817,0.0000,3.6540,6.0010,0.0000,0.0000,0.0000,130.5120,0.0000,0.0000,200.0000,0.0000,0.0000,200.0000,6.1500,100.0000,0.0000,0.0000,0.0000,0.0000,0.0000,10.8300,0.0000,0.0000,0.0000,0.0000,0.0000,0.0000,0.0000,0.0000,0.0000,0.0000,0.0000,0.0000,8.2567,0.0000,0.0000,0.0000,0.0000,200.0000,18.9800,0.0000,0.0000,100.0000
93,75EnNDPL2024/09/15,NDPL,0.0000,0.0000,0.0000,0.0000,0.0000,0.0000,0.0000,0.0000,77.9477,0.0000,23.7360,0.0000,0.0000,0.0000,63.6240,0.0000,27.6734,524.7258,39.2361,0.0000,69.6064,0.0000,0.0000,70.5900,0.0000,273.8400,0.0000,0.0000,0.0000,0.0000,0.0000,0.0000,9.3306,0.0000,0.0000,6.3814,14.1138,36.4400,0.0000,34.5150,41.8818,6.3090,5.8389,0.0000,13.7815,30.3333,0.0000,13.1412,21.2259,27.0536,0.0000,20.7169,10.8888,3.2320,0.0000,12.6816,0.0000,0.0000,0.0000,15.8437,3.1478,0.0000,0.0000,0.0000,13.3795,7.4294,12.9316,12.1251,8.9150,11.2676,14.9590,4.8817,0.0000,3.6540,2.0003,0.0000,0.0000,0.0000,130.5120,0.0000,0.0000,200.0000,0.0000,0.0000,200.0000,5.9600,100.0000,0.0000,0.0000,0.0000,0.0000,0.0000,10.6700,0.0000,0.0000,0.0000,0.0000,0.0000,0.0000,0.0000,0.0000,0.0000,0.0000,0.0000,0.0000,8.2567,0.0000,0.0000,0.0000,0.0000,200.0000,18.9800,0.0000,0.0000,100.0000
94,75EnNDPL2024/09/15,NDPL,0.0000,0.0000,0.0000,0.0000,0.0000,0.0000,0.0000,0.0000,77.9477,0.0000,23.7360,0.0000,0.0000,0.0000,63.6240,0.0000,27.6734,524.7258,39.2361,0.0000,69.6064,0.0000,0.0000,70.5900,0.0000,273.8400,0.0000,0.0000,0.0000,0.0000,0.0000,0.0000,9.3306,0.0000,0.0000,6.3814,14.1138,36.4400,0.0000,34.5150,41.8818,6.3090,5.8389,0.0000,13.7815,30.3333,0.0000,13.1412,21.2259,27.0536,0.0000,20.7169,10.8888,3.2320,0.0000,12.6816,0.0000,0.0000,0.0000,15.8437,3.1110,0.0000,0.0000,0.0000,13.3795,7.4294,12.9316,12.1251,8.9150,11.2676,14.9590,4.8817,0.0000,3.6540,2.0003,0.0000,0.0000,0.0000,130.5120,0.0000,0.0000,200.0000,0.0000,0.0000,200.0000,5.9600,100.0000,0.0000,0.0000,0.0000,0.0000,0.0000,10.6700,0.0000,0.0000,0.0000,0.0000,0.0000,0.0000,0.0000,0.0000,0.0000,0.0000,0.0000,0.0000,8.2567,0.0000,0.0000,0.0000,0.0000,200.0000,18.9800,0.0000,0.0000,100.0000
95,75EnNDPL2024/09/15,NDPL,0.0000,0.0000,0.0000,0.0000,0.0000,0.0000,0.0000,0.0000,77.9477,0.0000,23.7360,0.0000,0.0000,0.0000,63.6240,0.0000,27.6734,524.7258,39.2361,0.0000,69.6064,0.0000,0.0000,70.5900,0.0000,273.8400,0.0000,0.0000,0.0000,0.0000,0.0000,0.0000,9.3306,0.0000,0.0000,6.3814,14.1138,36.4400,0.0000,34.5150,41.8818,6.3090,5.8389,0.0000,13.7815,30.3333,0.0000,13.1412,21.2259,27.0536,0.0000,20.7169,10.8888,3.2320,0.0000,12.6816,0.0000,0.0000,0.0000,15.8437,3.0680,0.0000,0.0000,0.0000,13.3795,7.4294,12.9316,12.1251,8.9150,11.2676,14.9590,4.8817,0.0000,3.6540,2.0003,0.0000,0.0000,0.0000,130.5120,0.0000,0.0000,200.0000,0.0000,0.0000,200.0000,5.9600,100.0000,0.0000,0.0000,0.0000,0.0000,0.0000,10.6700,0.0000,0.0000,0.0000,0.0000,0.0000,0.0000,0.0000,0.0000,0.0000,0.0000,0.0000,0.0000,8.2567,0.0000,0.0000,0.0000,0.0000,200.0000,18.9800,0.0000,0.0000,100.0000
96,75EnNDPL2024/09/15,NDPL,0.0000,0.0000,0.0000,0.0000,0.0000,0.0000,0.0000,0.0000,77.9477,0.0000,23.7360,0.0000,0.0000,0.0000,63.6240,0.0000,27.6734,524.7258,39.2361,0.0000,69.6064,0.0000,0.0000,70.5900,0.0000,273.8400,0.0000,0.0000,0.0000,0.0000,0.0000,0.0000,9.3306,0.0000,0.0000,6.3814,14.1138,36.4400,0.0000,34.5150,41.8818,6.3090,5.8389,0.0000,13.7815,30.3333,0.0000,13.1412,21.2259,27.0536,0.0000,20.7169,10.8888,3.2320,0.0000,12.6816,0.0000,0.0000,0.0000,15.8437,3.0680,0.0000,0.0000,0.0000,13.3795,7.4294,12.9316,12.1251,8.9150,11.2676,14.9590,4.8817,0.0000,3.6540,2.0003,0.0000,0.0000,0.0000,130.5120,0.0000,0.0000,200.0000,0.0000,0.0000,200.0000,5.9600,100.0000,0.0000,0.0000,0.0000,0.0000,0.0000,10.5000,0.0000,0.0000,0.0000,0.0000,0.0000,0.0000,0.0000,0.0000,0.0000,0.0000,0.0000,0.0000,8.2567,0.0000,0.0000,0.0000,0.0000,200.0000,18.9800,0.0000,0.0000,100.0000
